OQKsaW;1;3;-1,-1,-1,1,-1,1,1,-1,1,1,-1,1,-1,1,-1,-1,1,1,-1,1,1,-1,1,1,-1,-1,-1,-1,1,1,-1,-1,-1,-1,1,-1,-1,1,1,1,1,1,-1,-1,1,1,1,-1,-1,-1,1,-1,1,1,-1,1,1,1,1,1,1,1,1,1,-1,1,1,-1,1,-1,1,1,-1,-1,-1,-1,-1,1,1,-1,-1,1,-1,-1,1,-1,-1,-1,-1,1,-1,-1,-1,-1,-1,-1;53,12,8,6,12,9,13,9,7,2,3,5,7,2,2,4,1,5,1,5,7,1,1,1,11,7,3,8,9,5,8,1,4,3,3,3,3,2,5,2,1,2,2,4,5,4,2,2,1,2,7,3,5,5,7,7,6,7,5,8,2,6,4,3,1,3,3,4,2,4,6,2,16,5,33,1,16,1,38,10,9,1,6,4,2,1,3,6,1,4,1,1,1,3,4,9;1,7,3,5,4,8,2,6,1,5,4,8,2,6,3,7,2,5,1,7,4,8,3,6,1,6,4,5,2,7,3,8,2,7,3,6,4,8,1,5,4,8,3,5,1,7,2,6,2,6,1,5,4,8,3,7,1,7,3,8,2,6,4,5,4,6,1,5,3,8,2,7,1,8,2,7,3,5,4,6,3,8,1,7,2,6,4,5,1,8,3,5,4,7,2,6
hlMLOz;2;5;1,-1,1,-1,1,1,1,1,-1,1,-1,1,-1,-1,1,-1,-1,1,-1,1,1,1,1,-1,1,1,1,-1,-1,1,-1,-1,-1,1,-1,-1,1,1,1,1,-1,1,1,1,-1,1,-1,1,1,1,1,-1,1,1,1,1,-1,-1,1,1,1,1,1,1,-1,-1,-1,-1,1,1,1,1,1,-1,-1,1,-1,1,1,1,-1,1,-1,1,-1,-1,1,1,-1,-1,-1,1,1,-1,1,-1;14,18,20,44,14,14,18,23,18,20,18,16,14,19,13,22,16,24,12,17,13,16,20,29,15,17,17,15,19,12,17,16,19,18,15,20,14,17,13,18,18,21,24,22,20,17,23,19,20,14,19,13,14,8,10,18,14,18,12,15,13,11,17,10,13,13,10,13,11,14,11,12,15,18,15,17,20,13,11,21,18,18,20,18,16,18,17,19,17,12,16,14,14,16,20,17;4,7,3,8,2,6,1,5,4,6,1,5,3,8,2,7,1,5,3,6,4,8,2,7,2,6,4,7,3,8,1,5,4,8,2,6,1,7,3,5,2,8,1,6,3,5,4,7,1,5,4,6,2,7,3,8,2,7,1,8,4,6,3,5,1,6,2,8,4,7,3,5,3,7,1,6,4,8,2,5,3,6,2,8,4,5,1,7,3,6,1,8,4,7,2,5
DUmBJA;1;3;1,-1,1,1,1,1,1,1,1,1,1,-1,1,-1,1,1,1,-1,1,-1,1,-1,1,1,-1,-1,1,-1,1,-1,-1,-1,-1,1,1,-1,-1,1,1,-1,-1,-1,1,-1,-1,-1,-1,1,1,-1,1,-1,-1,-1,-1,-1,1,-1,-1,-1,1,1,-1,-1,1,-1,1,1,1,-1,1,-1,-1,-1,1,1,1,-1,-1,-1,-1,-1,-1,1,1,-1,-1,-1,-1,-1,-1,1,-1,-1,-1,1;4,38,13,3,3,6,6,1,4,5,1,1,7,6,5,3,1,8,4,1,3,1,2,2,2,1,13,1,2,5,3,7,4,1,2,3,2,2,4,3,1,5,14,2,1,8,4,8,1,2,5,1,1,4,3,4,3,3,9,8,3,5,9,1,6,4,7,3,1,14,6,2,5,53,2,1,10,6,14,5,9,13,1,9,1,1,20,4,3,6,7,2,2,17,10,8;2,8,3,7,1,6,4,5,1,5,3,6,2,7,4,8,1,7,3,8,2,5,4,6,2,6,1,5,3,7,4,8,1,5,4,6,3,7,2,8,4,8,1,7,3,5,2,6,2,8,1,7,3,5,4,6,3,5,4,6,1,7,2,8,2,8,1,7,3,5,4,6,2,6,3,8,4,7,1,5,2,5,1,8,3,6,4,7,2,6,3,5,1,7,4,8
Tukgmm;1;3;1,-1,-1,1,-1,1,-1,1,1,1,-1,1,-1,1,1,1,1,1,1,1,-1,1,-1,-1,-1,1,-1,1,1,1,-1,-1,-1,1,-1,1,-1,1,-1,1,-1,1,1,1,-1,-1,1,1,-1,1,1,1,-1,1,-1,1,-1,1,-1,-1,-1,-1,1,1,-1,1,-1,1,-1,1,1,1,-1,1,-1,1,-1,1,1,-1,-1,-1,1,1,-1,1,-1,-1,-1,1,1,1,-1,-1,-1,-1;19,27,15,21,24,30,31,16,25,20,23,22,18,33,14,18,17,20,16,26,24,19,22,20,24,21,31,19,17,27,21,22,24,19,29,16,27,26,23,19,21,20,22,22,23,21,17,32,21,13,31,17,22,24,20,21,20,18,21,26,25,20,26,18,21,25,20,27,29,23,25,44,14,25,23,18,15,30,21,22,19,20,31,22,18,20,20,19,25,15,16,19,51,15,20,36;2,7,4,5,1,8,3,6,3,7,1,5,2,6,4,8,2,5,4,6,1,7,3,8,3,5,4,6,1,7,2,8,2,6,1,7,3,5,4,8,2,6,1,8,4,5,3,7,1,7,2,5,3,8,4,6,1,8,2,6,4,5,3,7,4,8,2,7,3,5,1,6,2,5,1,8,3,7,4,6,4,5,2,6,1,7,3,8,2,7,4,6,3,8,1,5
SensDE;2;3;-1,1,-1,1,-1,-1,-1,-1,-1,-1,-1,1,-1,-1,-1,1,-1,1,1,1,-1,-1,-1,1,-1,-1,-1,-1,-1,1,-1,1,-1,1,-1,1,-1,1,-1,-1,-1,1,-1,1,-1,-1,-1,-1,-1,-1,-1,-1,-1,1,-1,-1,-1,1,-1,-1,-1,1,-1,1,1,1,-1,1,-1,1,-1,1,-1,1,-1,-1,-1,-1,-1,-1,-1,-1,-1,-1,-1,1,-1,-1,-1,1,-1,1,-1,1,-1,1;24,18,13,24,20,19,18,23,21,26,23,37,24,19,17,29,36,26,28,27,17,28,23,28,18,37,17,20,21,19,16,33,25,23,23,23,38,19,44,18,18,26,21,26,17,28,17,23,39,16,19,25,28,21,20,18,21,22,17,17,15,21,17,29,17,15,17,21,29,25,34,17,16,14,13,16,22,13,13,13,11,13,14,13,7,19,14,15,24,20,15,26,20,16,16,14;1,8,2,7,3,6,4,5,2,7,3,6,4,5,1,8,3,5,4,7,2,8,1,6,2,5,3,6,4,7,1,8,4,6,3,7,1,5,2,8,4,7,2,6,3,8,1,5,2,6,1,7,3,5,4,8,4,5,3,6,1,7,2,8,3,8,4,6,2,5,1,7,4,8,3,7,1,6,2,5,3,8,1,5,4,7,2,6,1,6,4,7,2,8,3,5
HkfdFY;1;3;-1,-1,-1,-1,-1,1,-1,1,1,-1,-1,1,-1,1,-1,-1,-1,1,1,-1,-1,1,-1,1,1,-1,-1,1,-1,1,-1,1,-1,1,-1,1,-1,1,-1,1,-1,1,-1,1,-1,1,-1,1,-1,1,-1,-1,-1,1,-1,1,-1,1,-1,-1,-1,1,-1,1,-1,1,-1,1,-1,1,-1,1,-1,1,-1,1,-1,1,-1,1,-1,1,-1,-1,1,1,1,1,-1,1,-1,1,-1,1,-1,1;14,15,21,16,16,13,17,17,19,16,17,21,19,19,17,19,13,12,21,14,16,20,17,17,15,65,14,13,17,17,16,13,16,14,12,11,12,13,15,14,11,13,13,17,15,13,14,11,16,12,14,12,12,13,11,12,12,10,14,12,11,14,12,13,14,18,13,21,16,14,13,13,15,27,12,12,11,14,12,11,12,14,14,18,24,18,13,12,15,14,17,18,15,16,17,16;3,7,2,6,1,8,4,5,3,8,4,5,1,7,2,6,2,5,1,6,4,7,3,8,2,7,3,6,1,8,4,5,1,5,3,6,2,7,4,8,1,8,2,7,3,5,4,6,1,5,4,7,3,8,2,6,3,7,4,6,1,5,2,8,4,8,1,5,3,7,2,6,2,7,3,6,1,8,4,5,2,8,3,6,1,5,4,7,4,6,3,7,2,5,1,8
XtSovH;1;2;-1,1,-1,-1,1,-1,-1,-1,-1,1,-1,1,-1,1,-1,1,-1,-1,-1,1,-1,1,-1,-1,-1,-1,-1,1,-1,-1,-1,1,-1,-1,1,1,-1,1,-1,-1,-1,1,-1,1,1,1,-1,1,-1,1,-1,1,-1,1,-1,1,1,1,1,-1,-1,-1,-1,1,-1,1,1,1,-1,-1,-1,1,-1,1,1,1,-1,1,-1,1,1,1,-1,1,-1,-1,-1,1,-1,1,-1,1,-1,1,-1,1;40,42,27,36,45,25,22,43,20,19,21,22,16,21,20,27,19,18,17,19,23,24,18,21,27,19,20,17,18,19,19,27,22,20,19,17,17,21,20,19,21,17,25,16,23,17,17,21,18,15,16,14,15,20,14,15,12,19,23,13,17,17,14,20,19,14,19,15,12,13,13,18,21,12,22,15,19,19,13,16,18,18,17,15,13,17,21,22,17,15,15,15,16,15,14,15;1,5,4,8,2,6,3,7,1,5,3,6,4,8,2,7,1,7,2,6,3,5,4,8,2,8,1,6,4,5,3,7,3,8,4,7,1,5,2,6,1,7,4,8,2,5,3,6,4,7,2,8,3,6,1,5,4,7,1,8,2,6,3,5,4,7,3,5,2,6,1,8,2,5,4,6,3,8,1,7,2,5,4,7,3,6,1,8,4,6,2,8,1,5,3,7
G22Q5H;1;5;-1,1,-1,1,-1,-1,-1,1,1,1,-1,1,-1,-1,-1,1,1,1,1,1,-1,-1,-1,1,-1,1,-1,1,-1,1,-1,1,1,1,-1,1,-1,1,-1,1,-1,1,-1,1,-1,1,-1,-1,-1,1,-1,1,-1,1,-1,1,-1,1,-1,1,1,1,-1,1,-1,1,-1,1,-1,1,-1,-1,-1,1,-1,1,-1,1,-1,1,-1,1,1,1,-1,-1,-1,1,-1,1,-1,1,-1,1,-1,1;21,29,88,20,33,29,14,17,21,17,22,20,25,15,15,18,18,16,19,20,21,16,19,18,18,17,20,24,14,13,15,28,21,17,18,21,15,18,20,17,29,19,25,18,21,24,17,27,29,30,18,30,15,25,13,16,17,17,13,17,17,18,15,18,20,21,23,14,14,17,17,17,22,16,16,16,14,16,12,16,38,15,22,18,16,15,13,18,16,18,17,19,17,19,13,22;3,5,2,6,1,8,4,7,1,6,4,5,2,7,3,8,4,6,2,8,1,7,3,5,3,8,4,7,2,5,1,6,2,6,1,5,3,7,4,8,4,6,2,8,3,7,1,5,4,7,3,5,1,8,2,6,4,6,2,8,3,5,1,7,3,8,4,6,1,7,2,5,1,8,4,6,2,7,3,5,3,8,4,6,1,5,2,7,4,6,1,5,2,7,3,8
3BBJ5V;1;2;-1,1,1,1,-1,1,-1,1,-1,1,-1,1,-1,-1,-1,1,-1,1,1,1,-1,1,-1,-1,-1,1,-1,1,-1,1,-1,1,1,1,-1,1,-1,1,-1,1,-1,1,-1,-1,-1,1,-1,1,1,1,1,1,-1,-1,-1,1,-1,1,-1,-1,-1,1,-1,1,1,1,-1,1,-1,1,-1,1,-1,-1,-1,1,-1,1,-1,1,-1,1,1,-1,-1,-1,-1,-1,1,1,-1,1,1,-1,-1,1;18,25,26,17,15,15,18,22,17,16,17,16,19,18,16,24,39,14,27,21,26,17,16,21,13,25,16,16,13,14,17,13,26,18,16,16,17,21,16,20,18,19,26,19,16,21,15,18,16,38,19,22,14,16,17,18,28,15,15,23,16,17,15,20,11,14,15,15,25,26,30,15,22,17,13,14,14,11,16,12,14,12,15,16,14,16,14,17,17,14,19,16,15,20,14,21;2,8,4,6,1,7,3,5,2,7,1,8,3,5,4,6,1,5,4,7,2,6,3,8,2,5,4,8,1,6,3,7,4,5,1,6,2,7,3,8,4,5,1,7,2,6,3,8,3,7,4,8,2,5,1,6,1,5,3,7,4,6,2,8,3,6,4,8,1,7,2,5,1,6,2,7,3,8,4,5,3,8,1,5,2,7,4,6,2,6,1,7,4,5,3,8
14hfjA;1;2;-1,1,-1,1,-1,1,-1,1,1,1,1,1,-1,-1,-1,1,-1,1,-1,1,-1,1,-1,-1,1,1,1,1,-1,1,1,-1,1,1,1,-1,-1,-1,-1,-1,-1,1,-1,-1,-1,1,-1,-1,-1,1,-1,-1,-1,-1,-1,-1,-1,1,-1,1,-1,1,-1,-1,-1,-1,1,-1,-1,-1,-1,-1,-1,-1,-1,1,-1,-1,-1,-1,-1,-1,-1,-1,-1,-1,-1,1,-1,1,-1,-1,-1,-1,-1,-1;23,25,87,24,27,26,19,19,25,22,18,17,18,11,24,19,30,21,19,18,20,19,16,24,21,18,17,16,16,22,20,16,19,25,23,24,26,21,18,20,19,15,16,20,20,24,15,16,19,19,13,17,19,14,14,12,16,19,12,19,12,18,12,10,14,11,19,16,13,12,12,12,21,23,19,19,12,14,16,15,18,14,21,17,14,20,14,25,20,24,16,21,16,13,32,15;3,8,1,7,2,5,4,6,1,7,2,6,4,8,3,5,2,6,1,5,3,7,4,8,4,6,1,8,3,7,2,5,3,7,4,8,1,5,2,6,3,6,1,8,2,5,4,7,1,7,3,6,2,5,4,8,1,8,4,6,3,5,2,7,2,8,3,5,1,7,4,6,2,7,4,5,1,8,3,6,4,7,2,5,1,8,3,6,4,8,3,6,2,5,1,7
rabsyT;2;5;1,1,-1,1,1,1,-1,1,-1,-1,-1,-1,-1,-1,-1,1,-1,1,-1,1,-1,-1,-1,1,-1,1,-1,1,-1,1,-1,-1,1,1,-1,1,-1,1,-1,-1,1,1,-1,1,-1,-1,-1,-1,1,1,-1,1,1,1,-1,1,-1,1,1,1,-1,1,-1,1,-1,-1,-1,-1,-1,1,1,1,-1,1,-1,-1,-1,-1,-1,1,-1,1,1,1,-1,1,-1,1,-1,1,-1,-1,-1,-1,-1,-1;15,41,34,17,80,22,19,16,18,22,19,15,16,24,16,22,14,15,15,20,17,17,22,19,15,17,18,14,23,16,12,14,16,13,18,17,17,20,15,21,17,17,16,14,19,15,18,18,18,16,16,13,15,17,16,16,18,15,20,16,17,15,16,15,15,16,20,17,18,21,21,18,13,16,22,15,15,17,15,16,17,16,16,16,17,18,15,24,23,18,14,20,17,19,18,20;3,5,2,6,4,8,1,7,3,7,2,5,4,8,1,6,1,8,2,7,3,6,4,5,1,8,3,7,2,6,4,5,4,7,1,6,2,5,3,8,4,8,2,5,3,6,1,7,3,6,2,8,4,5,1,7,4,8,3,6,2,5,1,7,2,5,1,6,3,8,4,7,4,5,1,6,2,8,3,7,4,6,2,5,1,8,3,7,4,5,3,8,2,7,1,6
F8ZV84;2;3;-1,-1,-1,1,-1,-1,-1,1,1,1,-1,-1,-1,1,1,-1,-1,1,-1,1,-1,-1,-1,1,-1,1,-1,-1,-1,-1,1,1,-1,-1,1,-1,1,-1,-1,-1,-1,-1,-1,-1,-1,-1,1,-1,-1,1,-1,-1,-1,-1,1,-1,1,-1,-1,-1,1,-1,-1,1,-1,1,1,1,-1,-1,1,-1,-1,-1,-1,1,-1,-1,1,-1,1,-1,-1,-1,-1,-1,-1,-1,-1,1,-1,-1,-1,-1,1,-1;12,12,13,23,13,12,15,13,14,14,11,9,12,12,14,11,7,7,9,8,7,4,5,10,7,10,10,10,9,10,7,10,11,8,15,9,9,8,8,9,7,9,8,5,8,9,10,8,9,9,9,9,10,8,10,7,9,9,11,9,9,9,8,11,7,15,9,11,9,13,10,11,9,12,12,9,13,3,33,8,1,8,8,7,17,7,8,9,10,9,9,13,10,12,6,16;4,7,1,5,3,8,2,6,2,7,3,8,1,5,4,6,3,8,1,6,2,7,4,5,1,5,2,6,3,8,4,7,2,5,3,7,1,8,4,6,2,7,4,5,1,8,3,6,1,7,3,8,4,6,2,5,2,8,1,5,3,6,4,7,3,7,1,5,4,8,2,6,3,5,2,7,1,8,4,6,2,7,3,8,1,6,4,5,3,6,1,7,2,5,4,8
Lk6qmC;1;3;-1,-1,-1,1,1,1,-1,-1,1,1,1,1,1,1,-1,-1,-1,1,-1,1,1,1,-1,1,1,-1,1,1,-1,1,-1,1,-1,1,1,1,-1,1,-1,0,-1,1,-1,1,1,1,-1,1,-1,-1,-1,-1,-1,1,-1,-1,-1,-1,-1,-1,1,1,1,1,-1,-1,-1,-1,-1,1,-1,-1,-1,1,1,1,1,1,-1,1,-1,1,1,1,-1,1,1,1,-1,-1,1,1,-1,1,-1,1;31,42,37,21,33,18,55,29,57,21,57,20,35,32,37,31,20,34,16,24,22,37,26,18,42,31,45,23,11,25,41,34,52,49,50,36,66,70,36,0,19,33,48,54,20,24,60,22,43,14,17,18,25,3,22,18,15,15,22,24,31,17,22,32,45,16,43,16,57,91,45,65,23,63,49,23,24,30,19,25,17,68,69,18,33,28,23,19,27,30,24,47,31,15,19,30;1,5,2,7,4,8,3,6,4,8,2,7,3,5,1,6,4,6,3,8,1,5,2,7,1,5,2,7,3,6,4,8,2,5,1,8,3,7,4,6,3,7,4,8,2,6,1,5,3,7,4,5,2,8,1,6,3,6,1,8,4,5,2,7,4,7,3,8,1,6,2,5,3,7,2,6,1,8,4,5,1,6,4,7,2,8,3,5,4,6,2,7,3,8,1,5
27SKiZ;1;4;-1,1,-1,1,-1,1,1,1,-1,1,1,1,1,1,1,1,-1,-1,-1,1,-1,1,-1,1,-1,1,-1,1,1,1,-1,1,-1,-1,-1,1,-1,1,-1,1,-1,-1,-1,1,-1,1,-1,1,-1,1,-1,1,-1,1,-1,-1,1,1,-1,-1,-1,1,-1,1,-1,1,-1,-1,1,1,1,1,-1,1,-1,-1,-1,1,-1,1,-1,1,-1,1,-1,1,-1,1,-1,1,1,-1,-1,1,-1,1;34,27,27,32,37,26,24,30,32,27,31,32,28,26,32,25,47,29,45,37,34,37,36,27,31,30,38,40,28,35,36,38,36,34,37,44,45,29,40,36,48,42,38,42,44,26,36,37,35,50,32,45,41,35,38,36,39,45,37,40,40,30,44,33,37,41,38,43,40,36,36,37,43,29,45,29,37,39,27,40,38,32,38,42,51,29,32,30,33,37,45,40,37,33,37,39;1,5,4,6,2,8,3,7,1,5,4,8,3,6,2,7,4,6,2,5,1,7,3,8,3,8,2,5,4,6,1,7,3,7,1,6,4,8,2,5,3,5,4,8,1,6,2,7,1,6,3,5,2,8,4,7,2,6,4,8,3,5,1,7,3,7,2,6,4,5,1,8,1,7,2,6,4,5,3,8,3,8,4,6,2,7,1,5,4,7,2,8,1,5,3,6
CnawQ9;1;2;1,-1,-1,1,1,1,-1,1,-1,-1,-1,-1,1,1,1,-1,-1,1,-1,-1,-1,1,1,-1,1,1,1,1,-1,-1,-1,-1,1,1,1,1,-1,-1,-1,-1,1,1,1,1,1,-1,1,-1,-1,-1,1,-1,1,1,1,-1,-1,-1,1,-1,-1,1,-1,-1,1,-1,1,-1,-1,1,1,1,1,-1,-1,-1,-1,1,-1,-1,-1,1,-1,1,1,1,-1,-1,1,1,-1,-1,1,-1,-1,-1;42,15,7,18,7,6,1,13,2,2,2,8,11,4,4,6,6,5,3,7,5,2,7,7,4,4,14,7,5,12,5,1,11,3,2,4,3,4,4,3,2,3,3,1,3,3,1,6,4,11,3,1,3,5,6,2,6,4,1,3,7,3,7,5,3,2,1,3,2,9,4,2,1,3,6,3,2,3,2,1,3,3,2,1,1,3,3,2,1,2,2,19,3,1,4,3;1,7,4,8,3,6,2,5,2,5,3,7,1,8,4,6,1,6,4,5,3,8,2,7,3,6,4,7,1,5,2,8,1,6,2,8,3,7,4,5,4,7,3,8,1,6,2,5,2,7,3,5,1,6,4,8,3,8,4,7,1,5,2,6,3,7,2,5,4,6,1,8,3,6,4,7,2,5,1,8,4,7,1,8,3,5,2,6,1,7,4,6,2,5,3,8
2d4R29;2;5;-1,-1,-1,1,-1,1,-1,1,-1,1,-1,1,-1,1,-1,1,-1,1,1,1,-1,1,-1,1,-1,1,-1,1,-1,1,1,1,-1,1,-1,1,-1,1,1,1,-1,1,-1,1,-1,1,-1,1,-1,1,-1,1,-1,1,1,1,-1,1,-1,1,-1,1,-1,1,-1,1,-1,1,-1,1,-1,-1,-1,1,1,1,-1,1,1,1,-1,1,-1,1,-1,1,-1,1,-1,1,-1,1,-1,1,-1,1;73,70,52,28,36,71,27,22,28,24,26,30,38,45,24,34,27,33,33,23,24,39,28,32,27,30,29,23,34,21,46,21,21,28,26,19,22,20,26,32,29,26,30,26,35,21,25,21,23,40,27,23,27,19,23,22,32,23,29,44,30,23,32,22,36,26,26,30,25,24,34,40,38,19,28,21,29,21,27,23,35,22,35,29,19,25,22,26,27,30,26,31,45,21,37,20;3,6,1,5,2,8,4,7,3,7,2,8,1,5,4,6,3,7,1,5,4,8,2,6,2,7,1,8,4,6,3,5,4,6,3,8,1,5,2,7,4,7,2,6,1,8,3,5,3,7,2,8,1,5,4,6,2,6,3,7,1,5,4,8,2,8,4,6,3,7,1,5,4,6,2,5,1,7,3,8,2,7,1,5,3,8,4,6,4,6,2,5,3,8,1,7
PSrARX;2;3;1,1,1,1,-1,-1,-1,-1,1,1,-1,-1,-1,-1,-1,1,1,1,-1,1,1,1,-1,-1,-1,-1,-1,1,-1,1,-1,1,-1,1,-1,1,-1,1,1,1,-1,-1,-1,-1,1,1,-1,1,-1,1,-1,1,1,1,1,1,-1,1,-1,1,1,1,-1,1,-1,1,-1,-1,-1,-1,1,1,1,1,-1,1,-1,1,-1,-1,-1,1,-1,-1,-1,-1,-1,-1,1,1,1,1,1,1,-1,1;15,39,14,14,16,14,21,15,9,11,16,9,8,11,10,10,20,15,11,20,10,19,12,14,13,11,16,21,15,11,15,15,11,16,13,15,11,13,17,14,13,11,16,21,18,18,13,30,19,18,15,17,18,11,15,14,13,21,26,19,27,16,14,22,14,19,17,15,13,18,30,23,9,13,13,15,11,14,11,14,10,15,11,12,15,15,9,11,16,22,19,19,18,16,16,19;2,7,1,5,4,8,3,6,3,6,2,5,4,8,1,7,3,5,4,7,2,6,1,8,3,6,2,5,4,7,1,8,2,8,4,7,3,5,1,6,1,7,2,6,3,5,4,8,3,6,1,7,2,5,4,8,2,5,3,7,1,6,4,8,3,6,4,5,1,8,2,7,4,6,2,8,1,7,3,5,4,8,1,7,3,5,2,6,1,5,4,6,3,8,2,7
sPaGsX;1;2;1,1,-1,1,-1,1,-1,-1,-1,1,-1,-1,-1,1,-1,1,-1,1,-1,-1,-1,1,-1,-1,-1,-1,-1,1,-1,1,-1,1,-1,1,-1,1,-1,-1,1,1,-1,1,1,-1,-1,1,1,-1,1,1,-1,1,1,-1,-1,-1,-1,-1,-1,1,1,1,1,1,-1,1,-1,1,1,1,-1,1,1,-1,-1,1,-1,1,-1,1,-1,1,-1,1,-1,-1,-1,1,-1,1,-1,1,-1,1,-1,-1;45,32,102,37,38,33,58,35,23,31,25,29,26,32,31,36,20,28,26,39,28,34,32,28,29,26,22,39,32,29,20,68,29,43,35,27,39,48,31,46,33,29,83,25,34,27,63,29,24,25,23,16,31,22,17,18,14,17,17,53,49,25,24,23,15,21,76,44,34,66,27,53,43,37,32,37,31,39,30,31,35,34,29,34,34,27,35,41,12,94,22,30,25,28,83,26;3,7,1,5,4,6,2,8,4,7,2,8,1,6,3,5,2,8,4,6,1,7,3,5,2,7,3,6,1,5,4,8,1,7,4,8,2,6,3,5,3,7,4,6,2,8,1,5,4,8,2,6,1,7,3,5,4,5,2,7,1,8,3,6,1,7,4,6,3,8,2,5,1,5,4,6,2,7,3,8,1,7,3,8,2,5,4,6,4,6,1,5,3,8,2,7
wtENIY;1;6;-1,-1,-1,1,-1,1,1,-1,-1,1,-1,-1,-1,1,-1,1,-1,-1,-1,1,-1,1,-1,1,-1,1,1,-1,-1,1,-1,1,1,1,-1,1,-1,1,-1,-1,-1,1,1,1,-1,-1,-1,1,-1,1,1,1,-1,1,-1,1,-1,-1,-1,-1,-1,1,-1,1,1,1,1,1,1,1,-1,1,-1,-1,-1,-1,1,1,-1,1,1,1,-1,1,1,-1,1,1,-1,1,-1,1,-1,1,-1,1;14,13,10,26,17,7,14,15,14,16,16,13,15,15,15,17,15,15,9,18,15,13,11,18,13,11,12,7,12,12,8,15,11,12,11,12,11,10,9,12,11,12,11,11,11,11,10,10,15,11,14,11,13,10,14,12,13,9,13,14,10,13,13,9,8,10,9,15,8,11,14,10,17,12,15,14,12,12,13,16,17,16,15,19,22,15,18,15,17,19,22,16,17,16,22,14;4,7,3,6,2,8,1,5,3,6,4,7,1,8,2,5,4,5,1,8,3,7,2,6,1,6,4,8,2,5,3,7,1,8,3,5,4,7,2,6,2,6,3,5,4,8,1,7,4,6,1,7,3,8,2,5,3,8,2,5,1,6,4,7,2,6,4,7,3,5,1,8,2,8,4,6,1,5,3,7,3,8,1,5,4,7,2,6,1,8,2,7,4,5,3,6
HsUa3U;2;2;-1,1,1,1,-1,-1,-1,1,1,1,1,1,1,-1,1,-1,1,1,1,1,1,1,-1,1,1,1,1,1,-1,1,1,1,1,1,1,-1,-1,1,1,1,1,1,-1,1,1,1,1,1,1,1,1,1,1,1,1,1,1,1,-1,1,1,1,1,1,1,1,1,1,1,1,-1,1,1,1,1,1,1,1,-1,-1,1,1,1,1,-1,1,1,-1,-1,1,-1,1,-1,1,1,1;39,26,11,10,17,14,12,34,19,11,7,12,22,15,26,8,21,19,20,16,18,28,25,24,11,18,18,16,19,19,13,18,13,13,18,28,25,20,19,18,12,15,22,20,15,15,18,22,16,14,18,15,15,25,23,14,13,12,23,13,17,19,14,18,13,17,13,16,15,17,20,15,11,9,13,18,20,16,18,7,11,9,18,15,18,19,9,10,21,12,20,13,20,18,12,16;1,8,2,5,4,7,3,6,4,6,2,8,3,7,1,5,2,5,1,6,3,8,4,7,3,8,1,7,2,6,4,5,3,8,2,7,1,6,4,5,1,7,2,5,3,6,4,8,1,7,4,6,2,5,3,8,2,8,4,7,1,5,3,6,2,7,4,6,1,8,3,5,4,5,1,6,3,7,2,8,2,7,4,6,3,5,1,8,4,5,3,6,1,7,2,8
7B7a4P;2;3;1,1,-1,1,-1,1,-1,1,-1,1,1,-1,-1,-1,-1,1,-1,1,-1,1,-1,1,-1,1,-1,1,-1,1,-1,1,-1,1,-1,1,-1,1,-1,1,-1,1,1,1,-1,1,-1,1,-1,1,1,1,-1,1,-1,1,-1,1,-1,1,-1,1,-1,1,-1,1,1,1,-1,1,-1,1,-1,1,1,1,-1,1,-1,-1,1,1,1,1,-1,1,1,1,-1,-1,-1,1,1,1,-1,1,1,1;19,15,19,45,18,22,14,17,17,15,16,16,20,15,25,17,17,15,20,18,16,21,22,17,17,17,25,15,21,19,19,18,24,18,26,17,22,19,24,16,17,22,24,25,19,23,19,20,19,21,27,22,30,25,19,19,19,18,20,19,25,19,32,19,25,17,20,18,38,20,28,18,12,17,19,32,14,14,15,20,15,18,15,16,15,18,20,14,20,17,14,15,14,18,16,24;4,6,3,8,2,5,1,7,3,5,4,8,2,6,1,7,4,6,1,5,3,8,2,7,2,7,1,6,4,5,3,8,2,8,1,7,3,6,4,5,3,7,2,8,1,6,4,5,2,7,4,5,3,8,1,6,3,7,4,5,1,6,2,8,1,7,4,5,2,8,3,6,4,7,3,5,1,6,2,8,2,5,3,8,4,7,1,6,2,7,4,6,3,8,1,5
1WJ2aY;2;3;1,1,1,1,-1,-1,-1,-1,1,1,1,1,-1,-1,-1,-1,1,1,-1,1,-1,1,-1,-1,1,-1,-1,-1,1,-1,-1,1,-1,-1,-1,1,1,-1,-1,-1,-1,1,-1,1,-1,1,-1,-1,-1,1,-1,1,-1,-1,1,1,-1,-1,1,1,1,1,-1,1,1,1,-1,1,1,-1,1,1,1,1,1,-1,-1,1,-1,1,1,1,1,1,-1,1,-1,1,-1,-1,1,1,-1,1,1,-1;16,23,46,18,17,15,16,14,14,10,11,17,16,15,12,11,10,10,16,14,14,18,13,14,11,11,82,11,7,12,11,12,8,13,11,12,10,16,12,14,17,17,15,16,14,19,14,13,14,11,124,15,12,14,18,17,17,17,39,23,14,17,25,13,18,21,9,12,6,17,9,7,49,27,8,6,2,2,7,14,8,12,8,6,8,10,8,7,10,7,8,8,8,12,7,8;3,8,2,6,4,7,1,5,4,5,1,6,3,7,2,8,2,6,4,8,1,5,3,7,3,6,2,8,1,7,4,5,1,5,3,7,2,6,4,8,3,8,2,7,4,6,1,5,3,5,2,6,4,8,1,7,2,8,3,5,4,7,1,6,2,6,4,8,3,5,1,7,1,5,2,7,4,6,3,8,2,6,4,8,3,7,1,5,4,5,2,7,3,8,1,6
iRgUHw;1;3;-1,-1,-1,1,-1,1,-1,1,1,1,1,1,-1,1,-1,1,-1,1,1,1,-1,1,1,1,1,1,-1,1,-1,1,1,1,-1,1,-1,1,1,1,-1,1,-1,1,-1,1,1,1,1,1,1,1,1,1,-1,1,-1,1,1,1,-1,1,-1,1,-1,1,1,-1,1,1,-1,1,1,1,1,1,-1,1,1,1,1,1,1,1,-1,1,-1,1,-1,1,-1,1,-1,1,-1,1,-1,1;30,27,31,26,30,25,23,29,22,16,32,25,27,21,20,20,36,20,21,23,30,22,24,31,33,25,42,28,27,19,40,26,25,23,22,29,41,27,19,23,17,23,31,32,35,21,34,23,25,45,21,21,37,15,18,14,18,15,19,26,30,18,20,15,19,22,17,25,16,22,26,17,32,25,23,19,30,21,30,22,13,22,23,32,24,20,28,17,27,20,31,20,25,24,60,30;2,5,1,6,4,7,3,8,3,6,1,8,2,7,4,5,1,6,4,8,3,5,2,7,3,5,4,7,1,8,2,6,1,6,4,8,3,5,2,7,1,7,4,5,2,8,3,6,4,8,1,6,2,7,3,5,4,6,3,7,2,5,1,8,2,5,4,8,3,7,1,6,1,7,2,6,4,5,3,8,3,5,2,8,1,7,4,6,2,8,4,5,3,7,1,6
qNSbkN;1;4;-1,-1,-1,-1,-1,1,1,-1,1,1,1,-1,1,1,1,1,1,1,1,1,1,1,-1,1,1,1,1,1,1,1,1,1,1,1,1,1,1,1,1,1,1,1,1,1,1,1,1,1,1,1,1,-1,1,-1,1,1,1,1,1,1,1,1,1,1,1,1,1,1,1,1,1,1,1,1,-1,-1,1,-1,1,1,1,1,1,1,-1,1,1,1,1,1,1,1,1,1,1,1;12,17,13,32,6,14,6,1,9,9,8,12,12,7,8,7,7,9,7,6,5,10,15,15,7,11,6,5,1,5,5,4,3,3,4,5,3,1,5,2,4,6,4,5,7,4,14,7,17,12,6,6,2,1,6,3,3,5,7,5,3,5,7,5,4,6,4,4,2,6,2,8,6,8,9,4,5,1,13,10,5,6,9,5,2,6,5,6,2,1,6,4,6,4,6,7;2,5,3,8,4,6,1,7,1,7,2,6,3,8,4,5,1,6,2,8,4,5,3,7,2,7,3,6,4,5,1,8,3,7,4,6,2,5,1,8,3,8,2,6,4,5,1,7,2,5,1,6,4,7,3,8,3,6,1,8,4,7,2,5,3,6,1,7,2,8,4,5,1,8,2,7,4,6,3,5,4,6,3,5,1,8,2,7,2,6,4,7,3,5,1,8
Ng3TKB;1;2;-1,1,-1,1,-1,1,-1,1,-1,-1,1,1,-1,-1,-1,1,1,1,-1,-1,-1,-1,-1,1,1,1,1,-1,-1,1,-1,1,1,1,-1,-1,-1,1,1,1,1,1,-1,1,-1,1,1,1,1,-1,1,-1,-1,1,1,-1,-1,1,-1,1,-1,1,1,1,1,-1,1,1,1,1,1,1,1,-1,-1,-1,1,1,1,-1,1,1,1,1,1,-1,-1,-1,1,1,1,1,1,1,1,-1;9,13,13,20,5,14,12,16,5,6,6,1,6,6,6,7,6,4,2,4,6,2,3,6,10,7,8,6,9,7,7,6,6,3,4,5,1,4,6,4,11,3,4,5,4,7,4,1,3,7,7,5,5,2,4,4,4,4,6,7,5,4,5,5,5,4,5,6,2,2,7,1,3,6,6,6,4,5,5,6,5,3,4,5,3,4,7,7,9,3,1,5,5,5,8,4;4,8,2,6,3,7,1,5,4,7,2,5,3,8,1,6,1,8,2,6,4,7,3,5,1,5,3,6,2,8,4,7,1,7,4,8,2,6,3,5,4,7,2,5,3,8,1,6,3,5,4,8,2,7,1,6,1,7,2,8,4,6,3,5,2,8,3,6,1,5,4,7,4,5,2,8,3,7,1,6,4,5,1,6,3,7,2,8,1,6,2,8,3,7,4,5
snUSXl;1;2;1,1,-1,1,-1,-1,-1,1,1,1,1,1,-1,1,-1,-1,1,1,1,1,-1,1,-1,-1,1,1,1,1,1,1,-1,1,-1,1,1,1,-1,1,1,1,-1,1,-1,1,-1,1,-1,1,-1,1,-1,-1,-1,1,-1,-1,-1,1,1,1,-1,1,-1,1,1,1,1,1,-1,1,1,-1,1,1,1,1,1,-1,-1,-1,-1,1,1,1,-1,-1,-1,1,1,1,1,1,-1,-1,-1,-1;14,32,15,21,13,14,26,15,10,11,11,10,12,13,12,11,9,13,10,11,15,12,11,11,14,15,18,15,17,17,18,16,18,15,12,16,14,16,14,17,17,13,14,16,15,14,17,19,25,19,22,24,24,18,28,22,23,21,18,17,15,24,18,21,17,18,16,15,15,17,24,16,1,10,2,2,50,3,1,2,2,74,3,4,2,4,3,2,4,4,3,4,3,3,3,3;2,7,4,5,3,6,1,8,3,5,2,6,1,8,4,7,4,7,1,8,2,6,3,5,3,7,2,8,1,6,4,5,3,8,4,6,2,7,1,5,4,6,1,7,2,5,3,8,2,5,1,7,4,6,3,8,2,8,3,5,1,6,4,7,2,7,3,8,1,5,4,6,2,7,1,6,3,8,4,5,1,8,2,6,3,7,4,5,3,8,1,6,4,5,2,7
VMsVIA;1;3;-1,1,1,1,1,-1,-1,-1,-1,1,-1,1,-1,-1,1,-1,-1,1,-1,1,1,1,1,1,-1,1,-1,1,1,-1,1,1,-1,-1,-1,1,1,1,-1,-1,1,1,-1,-1,-1,-1,1,1,1,1,-1,1,1,1,-1,1,-1,1,-1,1,1,1,-1,-1,1,1,1,1,-1,1,-1,-1,-1,-1,1,-1,-1,-1,-1,-1,-1,1,-1,1,-1,1,-1,1,-1,1,-1,1,-1,1,-1,1;17,20,13,28,20,18,20,14,19,18,20,20,19,25,18,22,20,16,17,16,15,20,15,18,16,14,15,17,15,17,12,17,19,15,15,15,15,16,16,19,14,17,22,15,25,17,17,15,15,16,13,19,14,13,15,15,15,23,13,16,14,16,20,16,18,17,17,17,25,22,18,18,26,18,33,18,19,31,25,19,17,17,30,30,16,18,16,18,18,19,15,17,16,15,14,19;4,5,2,7,3,8,1,6,1,8,2,7,3,5,4,6,2,5,1,8,4,6,3,7,4,6,1,7,3,5,2,8,2,6,4,7,1,5,3,8,3,5,4,7,2,8,1,6,2,5,3,7,4,8,1,6,3,7,1,5,4,8,2,6,4,5,2,8,3,7,1,6,4,5,1,6,3,8,2,7,3,6,2,5,1,8,4,7,1,5,2,7,4,8,3,6
hLnhso;1;5;-1,-1,-1,-1,-1,1,-1,1,1,1,-1,1,-1,1,-1,1,-1,1,-1,1,-1,1,-1,1,-1,1,-1,1,1,-1,-1,1,-1,1,-1,1,1,-1,-1,1,1,1,-1,1,1,1,-1,1,-1,1,-1,1,1,1,-1,1,-1,-1,1,1,-1,1,-1,1,-1,1,-1,1,-1,1,-1,-1,-1,1,-1,1,1,1,-1,1,-1,1,-1,1,-1,1,-1,1,1,1,-1,-1,-1,1,-1,1;19,19,50,20,20,23,34,24,22,25,26,24,27,22,23,30,31,25,20,20,22,40,23,21,17,20,20,19,21,18,25,17,27,30,21,32,22,21,23,17,21,27,20,22,19,19,25,19,19,36,21,20,21,20,25,35,19,26,29,23,25,22,26,34,16,25,17,19,18,24,15,34,18,21,21,23,20,18,18,23,31,24,19,17,21,26,37,24,29,21,22,20,26,18,29,19;3,8,1,7,2,6,4,5,1,5,2,7,4,6,3,8,1,6,4,5,2,8,3,7,3,6,1,5,4,7,2,8,4,7,3,8,1,6,2,5,1,8,2,7,4,6,3,5,3,8,1,7,4,5,2,6,3,7,2,6,4,5,1,8,4,5,2,7,3,8,1,6,4,5,2,8,3,7,1,6,2,8,1,6,3,7,4,5,4,6,3,8,1,7,2,5
ruYW5T;1;3;1,1,1,1,-1,-1,-1,-1,-1,1,-1,1,-1,-1,-1,1,-1,1,-1,1,-1,1,1,1,1,1,0,1,-1,1,-1,1,-1,1,1,1,-1,-1,1,1,-1,1,-1,1,1,1,-1,-1,-1,1,-1,1,1,1,-1,1,1,1,1,1,-1,1,1,1,1,1,1,1,-1,1,-1,1,1,1,1,-1,-1,1,-1,1,-1,1,-1,-1,-1,1,-1,1,-1,-1,-1,-1,-1,-1,-1,1;13,23,25,14,23,15,13,21,21,15,15,17,19,13,17,15,13,14,16,22,19,18,12,22,19,12,0,13,17,14,17,14,15,17,15,14,14,13,17,16,16,13,15,12,20,17,19,17,13,13,25,11,11,13,13,13,13,13,15,18,13,13,17,11,15,14,14,12,15,16,16,18,15,17,18,13,13,13,13,15,13,14,12,15,14,18,13,13,14,12,13,12,12,12,10,23;3,5,4,6,1,8,2,7,4,6,1,5,3,7,2,8,4,6,1,7,2,8,3,5,3,5,4,8,1,7,2,6,4,5,1,6,2,8,3,7,1,8,4,5,3,7,2,6,3,8,4,6,1,5,2,7,1,8,3,7,4,6,2,5,3,7,1,6,4,5,2,8,2,8,3,6,1,7,4,5,4,5,2,7,3,6,1,8,1,5,2,7,4,6,3,8
tQCIgL;1;3;-1,-1,1,1,1,1,-1,1,1,1,-1,1,-1,1,-1,1,-1,1,1,-1,-1,1,-1,1,-1,1,-1,1,1,1,1,-1,-1,1,-1,-1,-1,1,1,1,-1,1,-1,1,1,1,1,1,-1,-1,-1,-1,1,1,-1,-1,-1,1,-1,-1,-1,-1,1,1,-1,1,-1,1,-1,1,-1,1,-1,1,1,1,1,1,1,1,-1,1,-1,1,-1,1,-1,1,-1,-1,-1,1,-1,-1,-1,1;22,37,15,19,22,15,17,23,15,19,21,13,12,16,38,12,10,16,16,19,20,17,16,25,22,16,20,21,18,17,16,19,22,12,42,21,15,16,20,14,17,13,14,10,18,10,14,15,15,13,14,19,19,15,14,27,16,15,25,18,32,14,16,13,26,14,21,15,23,73,20,19,15,20,37,19,20,14,22,20,12,22,22,12,15,14,22,14,21,65,18,77,25,29,16,22;2,5,1,7,4,6,3,8,2,7,3,6,4,5,1,8,1,7,3,6,2,5,4,8,1,7,4,8,3,5,2,6,3,7,4,6,1,8,2,5,1,8,4,5,3,6,2,7,1,5,2,8,3,7,4,6,4,6,2,8,3,7,1,5,1,8,4,5,2,6,3,7,1,7,2,6,4,8,3,5,2,8,4,6,1,7,3,5,2,5,1,7,3,8,4,6
medy9S;2;3;-1,-1,-1,-1,1,1,1,1,1,-1,1,1,-1,-1,1,1,-1,1,-1,-1,1,1,1,1,1,-1,1,1,-1,1,-1,-1,-1,1,1,-1,1,-1,1,1,1,1,1,1,1,-1,-1,-1,-1,-1,1,-1,1,-1,-1,1,1,-1,-1,-1,1,-1,1,-1,-1,1,-1,-1,1,1,1,1,-1,1,-1,1,-1,1,1,1,1,-1,-1,1,1,1,1,-1,1,1,1,1,1,-1,-1,-1;13,95,14,15,8,14,23,20,14,17,18,18,24,10,19,17,14,17,15,10,13,14,17,8,13,9,7,6,5,8,7,7,7,5,5,6,3,6,5,4,10,5,3,4,5,28,12,15,6,7,12,6,8,7,7,6,6,5,7,7,7,8,28,7,9,7,6,6,6,5,6,8,7,8,3,7,6,7,8,7,8,6,6,6,8,3,9,7,11,8,11,9,2,6,9,9;2,8,4,5,3,6,1,7,3,5,1,6,4,7,2,8,2,6,3,5,1,7,4,8,1,8,2,7,3,6,4,5,2,7,1,5,4,8,3,6,3,5,4,8,2,6,1,7,3,7,1,8,4,6,2,5,2,7,4,8,1,6,3,5,2,8,4,7,1,5,3,6,4,5,3,7,2,8,1,6,3,7,1,8,2,6,4,5,2,5,4,6,1,8,3,7
F29hqU;1;2;-1,1,1,1,-1,-1,-1,1,-1,1,1,1,1,-1,-1,1,-1,1,-1,1,1,-1,1,1,1,-1,1,-1,1,1,1,-1,1,-1,-1,-1,-1,1,1,1,-1,1,1,1,1,1,-1,1,1,1,-1,1,-1,1,-1,1,1,1,-1,1,1,1,1,-1,-1,1,-1,1,-1,1,1,1,-1,1,-1,1,-1,1,-1,1,-1,-1,1,1,-1,1,-1,1,-1,-1,-1,-1,-1,-1,-1,1;16,18,123,16,19,11,30,19,15,11,13,11,11,9,13,15,14,13,14,14,15,13,16,13,13,16,12,14,15,15,14,16,14,10,17,12,16,12,14,14,14,14,14,17,20,16,13,12,15,16,42,14,16,14,15,14,11,18,17,19,15,17,18,17,25,15,17,17,13,17,15,17,18,19,16,16,13,15,11,16,15,18,13,12,13,13,14,14,14,13,17,16,13,16,15,14;3,7,1,5,4,8,2,6,3,6,2,7,4,8,1,5,4,6,1,8,2,7,3,5,2,8,1,5,3,6,4,7,3,6,2,5,1,8,4,7,4,6,2,7,1,8,3,5,3,6,4,7,1,8,2,5,1,5,2,8,3,6,4,7,3,7,4,5,2,8,1,6,1,5,3,8,2,7,4,6,1,6,2,5,3,7,4,8,2,6,3,5,1,8,4,7
qcJcLo;1;2;-1,1,-1,-1,1,-1,-1,1,-1,1,-1,1,-1,1,-1,1,1,1,-1,-1,-1,1,1,1,1,1,-1,1,-1,1,1,1,-1,1,-1,1,-1,1,1,-1,1,1,1,1,1,1,1,-1,-1,1,1,1,1,1,1,1,-1,-1,-1,1,1,1,1,1,1,1,-1,1,1,1,-1,1,1,1,1,1,-1,1,-1,1,1,1,-1,-1,1,-1,-1,1,-1,1,1,1,1,1,-1,1;22,18,27,23,13,36,23,16,21,22,15,23,17,23,16,23,18,16,29,20,20,15,17,19,15,23,19,15,19,17,21,13,15,16,14,15,23,17,14,13,15,10,14,15,24,14,14,21,19,15,15,22,13,20,20,21,17,15,27,14,15,15,18,16,15,13,16,17,98,15,18,19,13,16,16,18,19,12,18,16,11,20,20,16,20,20,18,12,25,18,15,17,20,16,22,26;3,6,1,5,4,8,2,7,3,7,4,6,2,8,1,5,4,6,2,5,1,8,3,7,2,5,1,6,3,7,4,8,1,8,3,6,2,5,4,7,3,7,1,5,4,6,2,8,2,5,3,6,4,7,1,8,1,7,3,8,2,6,4,5,2,6,1,8,3,7,4,5,4,8,2,7,1,6,3,5,4,8,1,6,2,7,3,5,1,5,4,7,3,6,2,8
3uChzT;2;3;-1,1,-1,1,-1,1,-1,1,-1,1,-1,1,-1,1,-1,1,-1,1,-1,1,-1,1,-1,1,-1,1,-1,1,-1,1,-1,-1,-1,1,-1,1,-1,1,-1,1,-1,1,-1,1,-1,1,-1,1,-1,1,-1,1,-1,1,-1,1,-1,1,-1,1,1,1,-1,1,-1,1,-1,1,-1,1,-1,1,-1,1,-1,1,-1,1,-1,1,-1,1,-1,1,-1,1,-1,1,-1,1,-1,1,-1,1,-1,1;37,28,38,21,25,26,72,56,44,21,32,17,65,24,52,26,47,21,17,28,55,39,63,55,42,18,44,20,45,54,47,94,23,60,44,24,49,34,27,20,22,22,52,25,60,57,29,25,31,16,58,19,14,20,17,22,51,21,29,25,19,24,47,40,46,25,25,28,80,48,41,24,72,24,29,44,37,27,43,69,29,20,28,20,71,17,21,24,36,17,19,48,25,21,16,20;3,5,2,6,1,7,4,8,3,5,1,8,2,6,4,7,4,5,1,7,2,8,3,6,4,5,1,6,2,8,3,7,2,6,3,7,4,8,1,5,2,7,3,5,4,6,1,8,1,6,4,7,2,8,3,5,3,5,1,6,4,8,2,7,4,7,2,8,3,6,1,5,3,6,4,7,2,5,1,8,4,8,1,7,2,5,3,6,3,8,2,7,1,6,4,5
4HhfrP;1;3;1,-1,-1,0,-1,-1,1,0,1,1,-1,-1,-1,-1,1,1,1,-1,-1,1,-1,-1,1,1,1,-1,-1,-1,-1,1,-1,1,1,1,1,1,-1,-1,-1,-1,1,1,1,1,-1,-1,-1,-1,1,1,1,1,-1,-1,-1,-1,1,1,1,1,-1,-1,-1,-1,1,1,1,1,-1,-1,-1,-1,1,1,1,1,-1,-1,-1,-1,1,1,1,1,-1,-1,-1,-1,1,1,1,1,-1,-1,-1,-1;4,45,16,0,3,4,23,0,101,5,29,10,2,19,10,5,9,5,17,15,9,8,9,8,9,2,12,13,4,11,12,1,10,14,13,11,9,11,19,17,10,10,9,9,9,8,9,9,7,20,6,8,8,8,7,8,5,7,6,6,7,8,7,8,7,5,5,5,6,5,7,7,20,7,15,8,9,11,7,9,10,10,5,5,11,11,7,7,11,4,8,7,8,8,10,8;4,8,3,5,1,6,2,7,3,7,4,8,1,6,2,5,4,6,2,5,3,7,1,8,3,6,2,8,4,5,1,7,2,8,4,6,3,5,1,7,1,6,2,8,4,5,3,7,2,8,4,5,1,6,3,7,1,7,2,5,4,8,3,6,2,7,3,5,1,8,4,6,1,7,3,8,4,5,2,6,2,6,1,7,3,5,4,8,3,7,4,5,1,6,2,8
aUpxbZ;1;5;-1,0,-1,1,-1,-1,1,1,-1,1,-1,1,-1,1,-1,1,1,1,-1,1,-1,1,-1,1,-1,1,-1,1,-1,1,-1,1,-1,1,-1,1,-1,1,-1,-1,1,1,-1,1,-1,1,-1,1,1,1,1,1,-1,-1,-1,1,1,1,1,1,-1,1,-1,-1,1,1,-1,1,-1,-1,-1,1,-1,1,-1,1,-1,1,-1,-1,-1,1,-1,1,-1,1,-1,1,-1,1,-1,-1,-1,-1,-1,1;24,0,39,26,23,54,32,34,46,22,36,23,29,38,25,22,21,20,19,20,17,21,24,22,31,21,24,18,19,25,21,17,20,17,20,17,29,26,26,19,33,33,22,17,20,36,17,18,16,15,18,13,17,18,13,16,15,18,18,14,20,16,10,19,13,15,17,19,16,25,15,15,17,17,21,15,17,17,16,21,21,29,23,16,16,24,17,16,18,19,15,23,16,16,24,20;2,6,3,7,1,5,4,8,2,6,1,8,3,5,4,7,4,7,3,8,1,6,2,5,2,5,3,6,4,7,1,8,4,8,2,7,3,6,1,5,3,7,2,8,4,5,1,6,3,6,4,5,2,8,1,7,4,8,1,6,2,5,3,7,4,6,3,8,2,7,1,5,3,7,4,8,1,5,2,6,1,7,2,6,3,8,4,5,4,7,1,5,2,8,3,6
vQEm28;2;3;-1,-1,1,-1,-1,1,-1,1,-1,-1,-1,1,-1,1,-1,1,-1,1,-1,1,-1,1,-1,1,-1,1,-1,1,-1,1,-1,1,1,1,-1,1,-1,1,-1,1,1,-1,-1,1,-1,-1,-1,1,-1,1,1,-1,-1,-1,-1,1,-1,1,-1,1,-1,-1,-1,-1,-1,1,1,1,1,1,1,1,1,-1,-1,1,-1,1,1,1,-1,1,-1,1,-1,1,-1,1,-1,-1,-1,1,-1,1,-1,1;24,16,19,23,17,17,23,23,18,22,24,22,22,29,22,26,35,22,20,22,22,20,28,20,21,21,24,19,17,20,17,26,23,25,19,18,20,21,34,23,17,23,18,19,17,18,18,18,19,22,19,24,21,28,18,20,19,19,22,18,22,26,21,27,26,20,27,26,35,23,24,24,21,23,30,22,21,25,17,23,17,21,20,21,21,21,19,19,17,21,28,19,18,22,21,24;1,5,3,6,2,7,4,8,4,7,3,6,2,5,1,8,4,5,1,7,2,6,3,8,2,6,4,7,1,5,3,8,2,7,4,6,1,8,3,5,2,8,1,5,4,6,3,7,1,7,4,6,2,8,3,5,1,5,4,8,3,6,2,7,4,6,1,7,2,8,3,5,1,8,4,6,2,7,3,5,3,8,4,6,2,7,1,5,1,6,4,5,3,7,2,8
C8pd6x;1;2;-1,1,-1,1,1,1,-1,1,1,1,-1,1,-1,1,-1,1,-1,1,-1,1,-1,-1,-1,1,-1,1,-1,1,-1,-1,-1,1,-1,1,-1,1,-1,1,-1,1,-1,1,-1,1,-1,1,-1,-1,-1,1,-1,1,-1,1,-1,1,-1,1,-1,1,-1,1,-1,1,-1,1,-1,1,-1,-1,-1,1,-1,1,-1,1,-1,1,-1,1,-1,1,-1,1,-1,1,-1,1,-1,1,-1,1,-1,-1,-1,1;54,14,22,16,17,33,17,14,13,13,26,20,14,15,15,13,17,13,13,14,18,12,11,19,20,12,19,25,11,15,13,24,32,19,24,19,15,23,17,30,18,14,15,17,23,14,12,17,15,14,11,23,17,12,11,15,19,12,19,13,21,23,12,18,22,12,77,15,19,12,24,13,35,20,19,13,19,24,50,16,14,16,14,15,13,14,14,23,15,16,13,15,12,18,13,13;1,6,3,8,2,5,4,7,4,7,2,8,1,6,3,5,3,6,4,7,1,8,2,5,4,6,2,5,3,7,1,8,3,8,2,6,4,7,1,5,3,5,1,6,2,8,4,7,4,8,1,7,3,6,2,5,1,8,3,5,4,7,2,6,4,8,2,6,1,7,3,5,3,7,2,5,4,6,1,8,2,8,3,6,4,7,1,5,2,8,3,7,4,5,1,6
9ufrd8;2;2;1,1,1,-1,-1,1,-1,1,-1,1,-1,1,-1,1,-1,1,1,1,-1,1,-1,1,-1,-1,-1,1,-1,1,-1,-1,-1,1,-1,1,-1,1,1,1,-1,-1,-1,1,1,1,1,1,-1,1,1,1,1,1,-1,1,-1,-1,-1,1,-1,1,1,1,-1,1,1,1,-1,1,-1,1,-1,1,-1,-1,-1,1,1,1,1,1,-1,-1,-1,1,1,1,-1,-1,1,-1,-1,1,-1,1,-1,1;23,23,24,23,17,13,14,16,14,16,22,20,12,18,14,23,25,12,15,16,12,15,13,20,14,15,20,16,15,14,12,13,13,24,13,15,13,12,18,12,17,14,10,15,12,22,14,14,12,12,17,15,10,14,17,10,21,17,15,15,13,15,16,12,15,15,14,14,15,12,14,12,15,11,12,17,14,12,17,13,19,8,21,14,13,18,15,13,11,10,16,9,10,9,8,12;2,6,3,7,1,5,4,8,4,8,1,5,2,7,3,6,4,7,2,5,3,6,1,8,4,7,2,6,1,5,3,8,3,6,1,5,2,8,4,7,2,7,4,6,1,8,3,5,3,8,4,7,1,5,2,6,1,6,3,8,2,5,4,7,4,8,3,7,1,6,2,5,1,8,2,5,3,6,4,7,4,7,3,8,1,5,2,6,2,8,1,5,3,7,4,6
LGstsB;1;2;1,1,-1,1,-1,1,-1,1,-1,1,-1,1,-1,-1,-1,1,-1,1,1,1,-1,1,-1,1,1,1,1,1,-1,1,-1,1,-1,1,-1,1,1,1,-1,1,-1,1,-1,1,-1,1,-1,1,-1,-1,-1,1,-1,-1,-1,1,-1,1,-1,1,-1,1,-1,1,-1,1,-1,1,-1,1,-1,1,-1,-1,-1,1,-1,1,-1,1,-1,1,-1,1,-1,1,-1,1,-1,1,-1,1,-1,1,-1,1;20,19,22,31,18,21,19,16,37,19,27,19,18,18,18,28,26,18,19,14,14,17,30,26,14,16,26,14,16,16,14,20,16,15,14,14,14,13,17,36,31,44,26,18,23,24,35,24,19,41,19,20,25,27,41,18,17,22,46,31,18,19,15,18,64,20,25,14,16,32,18,21,21,51,33,24,18,19,53,17,29,32,17,17,17,25,19,16,20,18,32,16,27,14,16,46;4,5,3,8,1,6,2,7,1,8,4,7,2,5,3,6,1,7,2,8,3,5,4,6,2,8,3,7,4,5,1,6,2,6,3,5,4,8,1,7,2,7,4,5,3,8,1,6,2,6,4,8,3,7,1,5,3,5,2,8,4,7,1,6,3,8,1,7,4,6,2,5,4,6,2,5,1,7,3,8,4,7,1,5,3,6,2,8,3,8,4,6,2,5,1,7
lITfwF;1;3;-1,1,1,1,-1,-1,-1,1,-1,1,-1,-1,-1,1,-1,1,1,-1,-1,1,-1,1,-1,1,-1,1,-1,1,-1,-1,-1,1,1,1,1,1,-1,-1,1,-1,-1,1,-1,1,-1,1,-1,1,1,1,1,1,-1,-1,1,1,-1,-1,-1,1,-1,1,-1,-1,-1,1,-1,-1,-1,1,-1,-1,1,1,1,-1,-1,1,-1,-1,-1,-1,-1,1,-1,1,-1,-1,-1,1,-1,1,-1,1,-1,1;39,25,32,48,21,34,31,34,21,17,25,25,20,20,22,28,38,18,21,23,18,24,16,19,15,21,17,19,24,15,14,17,22,27,22,22,16,17,26,17,28,19,26,20,30,25,16,22,20,17,19,16,20,39,30,17,19,18,18,15,13,21,15,16,15,16,22,15,15,19,14,14,23,16,21,22,15,19,17,14,18,23,14,16,14,15,13,12,14,25,14,23,15,15,14,20;4,8,3,7,1,6,2,5,4,7,2,5,1,8,3,6,4,8,3,5,2,7,1,6,4,5,2,8,3,7,1,6,1,6,2,5,4,8,3,7,2,8,3,6,4,7,1,5,4,7,2,6,1,8,3,5,1,6,4,8,2,7,3,5,3,7,2,5,1,8,4,6,1,6,2,5,4,8,3,7,1,5,2,6,4,7,3,8,1,6,3,5,4,7,2,8
rZ4pDL;1;3;-1,1,-1,0,-1,1,-1,1,-1,1,-1,1,-1,-1,-1,1,-1,1,-1,-1,-1,1,-1,-1,-1,1,-1,1,-1,1,-1,1,1,1,-1,1,1,1,-1,1,1,-1,1,-1,-1,-1,-1,1,-1,1,-1,1,1,1,-1,-1,-1,1,-1,1,-1,1,-1,1,-1,1,-1,1,-1,-1,-1,1,1,-1,-1,1,-1,-1,1,-1,-1,-1,-1,1,1,-1,-1,-1,1,1,1,-1,1,-1,-1,1;16,14,13,0,25,13,19,16,14,15,12,17,14,15,14,16,12,13,12,14,17,13,11,13,13,12,14,28,15,12,13,19,11,13,17,12,13,11,11,15,12,17,13,14,15,15,17,16,14,12,20,15,13,11,14,12,13,12,12,12,11,12,12,18,15,11,13,14,13,13,13,14,19,15,17,13,16,16,15,12,14,22,20,13,13,16,12,14,12,16,12,13,13,17,15,13;4,5,2,7,1,8,3,6,3,5,4,8,2,6,1,7,2,7,3,6,1,5,4,8,4,8,2,6,3,5,1,7,4,7,1,5,2,6,3,8,3,6,4,5,1,7,2,8,3,7,2,6,4,8,1,5,2,7,1,8,4,6,3,5,2,7,4,5,3,8,1,6,1,7,4,8,2,6,3,5,3,5,2,6,1,8,4,7,1,8,3,6,2,5,4,7
zVo9jr;2;4;-1,1,-1,1,-1,-1,-1,-1,-1,-1,-1,1,-1,1,-1,-1,-1,1,-1,-1,-1,-1,-1,1,-1,1,1,1,-1,1,1,-1,-1,1,-1,-1,-1,-1,-1,-1,-1,-1,-1,1,-1,-1,-1,1,-1,1,1,1,-1,1,-1,-1,-1,-1,-1,1,-1,-1,-1,-1,-1,-1,1,1,-1,1,-1,1,1,1,-1,1,-1,1,-1,1,-1,-1,-1,1,-1,-1,1,1,-1,1,-1,1,-1,1,-1,-1;43,74,35,39,21,40,34,29,32,25,27,43,43,27,23,25,20,32,23,22,29,18,50,31,24,31,31,30,23,31,39,19,24,33,28,18,22,19,22,24,21,23,21,28,19,21,16,36,41,31,39,41,39,28,30,30,20,30,41,26,30,34,31,25,26,23,22,27,22,23,40,35,39,35,33,36,21,28,37,44,22,21,28,35,24,34,30,27,22,48,24,31,39,11,22,22;2,6,4,7,1,8,3,5,4,6,2,8,3,5,1,7,4,6,3,7,1,8,2,5,2,6,4,7,1,8,3,5,2,5,1,6,4,7,3,8,4,6,1,5,3,7,2,8,2,7,1,6,3,8,4,5,1,7,4,6,2,8,3,5,1,8,4,6,2,5,3,7,2,7,3,5,4,6,1,8,2,8,3,6,1,7,4,5,3,8,4,7,1,6,2,5
Nw4YFH;2;2;1,1,-1,1,-1,1,-1,1,1,1,1,1,1,1,1,1,1,1,1,-1,-1,1,1,1,1,1,1,1,1,1,-1,1,1,1,1,1,1,1,1,1,-1,1,1,1,1,-1,1,1,1,1,1,1,-1,1,1,1,1,1,-1,1,-1,-1,1,1,-1,-1,-1,-1,-1,-1,-1,1,-1,1,1,1,-1,1,1,1,1,1,1,1,1,1,1,1,1,1,1,1,1,1,1,1;29,16,31,18,16,16,23,28,17,20,50,12,18,17,12,16,10,22,12,36,28,21,23,14,10,15,25,15,13,35,27,12,14,14,17,19,30,15,15,13,28,14,15,18,19,31,15,16,14,14,17,22,29,14,17,17,10,14,21,16,26,17,22,13,17,27,18,21,17,20,17,21,17,16,37,29,27,14,12,17,14,14,9,11,15,14,15,13,15,15,18,13,14,14,19,15;3,7,1,5,4,6,2,8,3,5,1,7,4,6,2,8,1,8,3,7,2,6,4,5,3,6,4,8,1,5,2,7,3,6,4,7,2,8,1,5,4,6,2,5,1,8,3,7,4,5,1,6,3,7,2,8,2,7,4,8,1,5,3,6,3,6,2,5,1,8,4,7,3,5,4,6,2,8,1,7,2,6,1,7,3,8,4,5,3,6,1,7,2,8,4,5
1aLcAI;1;3;1,-1,1,1,1,1,-1,1,-1,-1,-1,-1,-1,1,-1,1,-1,-1,-1,-1,-1,1,1,-1,-1,1,-1,1,1,1,-1,1,1,1,-1,1,-1,-1,-1,1,1,1,-1,1,-1,1,-1,1,-1,1,-1,1,-1,1,1,1,-1,1,-1,-1,-1,-1,-1,1,1,1,-1,1,-1,1,-1,1,-1,1,-1,-1,-1,1,-1,1,-1,1,1,-1,-1,1,1,1,-1,1,-1,1,-1,1,-1,1;16,16,16,22,18,16,18,16,14,16,12,16,14,17,12,16,12,12,14,13,15,16,13,18,17,18,16,20,20,20,19,17,17,16,15,17,19,16,15,22,16,17,25,17,20,17,31,27,19,36,37,19,27,23,28,19,21,24,29,30,33,22,20,24,29,22,38,28,35,22,26,25,17,22,23,32,29,16,19,20,20,21,24,14,33,21,28,20,30,20,22,18,18,25,13,21;4,5,3,7,2,8,1,6,4,8,2,5,1,7,3,6,3,7,2,6,1,8,4,5,4,7,2,8,1,6,3,5,2,5,1,8,4,6,3,7,3,5,1,6,2,8,4,7,3,6,4,7,2,8,1,5,4,7,2,8,3,6,1,5,3,7,1,8,4,6,2,5,3,6,1,8,2,7,4,5,1,5,2,8,3,6,4,7,2,7,3,6,4,5,1,8
v7vkdB;2;2;1,-1,-1,-1,-1,1,-1,1,1,-1,-1,1,1,-1,-1,1,-1,-1,-1,-1,-1,1,-1,-1,-1,1,-1,1,-1,-1,-1,-1,-1,1,-1,-1,-1,1,-1,1,-1,1,1,1,-1,1,-1,-1,1,1,-1,1,-1,-1,-1,-1,-1,1,-1,-1,-1,1,-1,1,1,1,-1,-1,1,-1,-1,1,-1,1,-1,1,-1,1,-1,1,-1,-1,-1,-1,-1,1,1,-1,1,1,-1,1,1,-1,-1,-1;20,14,11,14,13,12,15,13,9,8,14,12,20,10,15,12,16,9,11,13,13,17,12,12,11,17,14,20,11,14,14,12,17,14,18,17,16,16,22,19,13,16,16,24,10,17,18,15,14,18,15,20,13,14,17,11,15,15,15,16,16,12,16,18,18,20,14,14,19,25,15,17,29,24,16,20,23,14,31,29,33,22,24,26,25,24,26,22,25,23,26,23,17,9,31,29;1,5,4,8,3,6,2,7,4,7,3,5,2,6,1,8,3,7,4,8,2,6,1,5,4,8,1,6,2,5,3,7,3,7,1,8,4,5,2,6,3,5,1,6,2,8,4,7,4,8,3,6,1,5,2,7,3,8,4,7,2,5,1,6,3,6,2,5,1,7,4,8,3,6,4,5,1,7,2,8,3,5,1,7,2,8,4,6,2,6,4,7,3,5,1,8
bX4PHJ;1;3;-1,1,-1,-1,-1,1,-1,1,-1,1,1,1,-1,-1,-1,1,-1,-1,-1,-1,-1,1,-1,-1,-1,1,-1,-1,-1,-1,1,1,-1,1,-1,1,-1,1,-1,-1,-1,1,-1,1,1,-1,-1,1,-1,1,-1,1,-1,1,-1,1,-1,1,-1,-1,-1,1,-1,1,1,-1,-1,1,-1,1,1,1,-1,1,-1,1,-1,1,1,-1,1,1,1,1,-1,1,-1,1,-1,1,-1,1,-1,1,1,1;18,27,27,28,27,21,21,17,13,16,17,16,13,22,16,26,16,13,26,23,21,15,23,20,13,18,12,14,11,13,13,12,17,17,13,16,12,13,21,16,14,17,18,19,14,32,18,25,15,15,13,25,17,19,15,12,14,18,22,11,18,15,16,15,14,12,17,19,14,15,16,17,27,16,16,15,17,13,15,14,13,17,18,15,19,13,22,16,15,13,14,13,18,17,13,17;3,7,2,6,4,5,1,8,4,6,3,7,2,5,1,8,3,8,1,6,4,5,2,7,1,8,4,5,3,7,2,6,3,6,1,7,2,5,4,8,3,7,1,5,2,6,4,8,2,6,4,7,3,8,1,5,2,7,1,8,4,5,3,6,3,7,2,8,4,6,1,5,2,8,1,5,4,6,3,7,3,6,2,7,4,8,1,5,2,6,1,7,4,5,3,8
7KS8Hc;1;5;-1,1,-1,1,-1,1,-1,1,1,1,-1,1,-1,-1,1,1,1,-1,-1,1,-1,1,1,1,-1,1,-1,1,1,1,-1,1,-1,1,-1,-1,-1,1,1,1,-1,1,-1,1,-1,1,1,1,-1,1,-1,-1,1,1,-1,1,-1,1,-1,1,-1,1,-1,1,1,1,-1,-1,1,1,-1,1,1,1,1,1,1,1,1,1,1,-1,1,1,-1,1,-1,1,-1,1,-1,-1,1,1,1,1;49,47,31,23,38,20,26,28,16,20,29,22,22,28,23,20,18,26,22,23,27,17,20,19,22,16,23,17,25,25,22,17,22,20,19,21,26,19,21,17,16,20,25,16,18,22,18,18,24,23,24,24,26,15,20,16,16,19,17,18,24,18,17,17,16,24,28,20,19,19,17,19,24,23,22,20,18,22,23,17,19,22,17,25,22,21,19,20,20,16,23,26,16,19,21,21;1,5,3,7,2,8,4,6,1,7,3,6,4,8,2,5,2,8,1,7,3,6,4,5,3,7,1,8,4,6,2,5,1,5,2,7,3,6,4,8,1,5,2,8,4,7,3,6,1,5,3,8,2,6,4,7,2,7,3,8,1,5,4,6,1,5,3,7,4,6,2,8,2,5,1,7,3,6,4,8,2,7,1,6,3,8,4,5,1,8,2,6,4,5,3,7
C23Jyn;2;3;-1,1,-1,1,-1,1,1,1,1,1,-1,1,-1,-1,-1,-1,1,1,-1,1,-1,-1,-1,-1,-1,-1,-1,1,-1,1,-1,-1,-1,1,1,1,-1,1,-1,1,-1,1,-1,1,-1,-1,-1,1,1,1,-1,1,-1,1,1,1,-1,1,-1,-1,-1,1,-1,1,1,1,-1,-1,1,1,-1,1,1,1,-1,1,1,-1,-1,1,-1,1,-1,1,-1,1,1,1,-1,1,-1,1,-1,1,-1,1;3,17,24,20,15,22,21,18,47,23,22,17,21,26,20,17,29,17,19,23,25,18,19,26,33,16,18,18,17,16,15,15,15,24,29,24,24,26,14,23,15,20,16,20,21,30,35,23,19,23,18,18,24,23,21,18,24,21,23,16,22,22,29,19,20,24,34,45,19,29,26,17,38,24,25,27,38,14,16,17,25,21,25,22,29,17,19,19,46,15,28,21,31,17,16,16;1,7,2,5,3,8,4,6,2,5,4,7,1,8,3,6,3,5,4,7,1,8,2,6,2,8,3,6,1,5,4,7,4,6,1,5,2,7,3,8,3,5,4,8,2,6,1,7,2,6,1,8,3,5,4,7,2,7,3,5,1,6,4,8,4,8,2,5,3,7,1,6,1,6,3,5,4,8,2,7,1,6,4,7,2,8,3,5,1,7,2,5,4,8,3,6
8gEQ0q;2;3;-1,1,-1,1,1,-1,-1,-1,-1,-1,-1,1,-1,1,1,1,1,1,1,1,-1,-1,1,1,-1,1,1,1,1,1,1,1,-1,1,-1,1,-1,1,-1,1,-1,-1,-1,-1,-1,1,-1,1,-1,1,-1,-1,1,1,-1,-1,-1,1,-1,1,-1,1,-1,1,-1,1,-1,1,-1,-1,-1,-1,-1,1,-1,1,-1,-1,-1,1,-1,1,-1,1,-1,-1,-1,-1,-1,1,-1,1,-1,1,-1,1;26,26,25,24,20,21,20,24,36,24,21,41,30,29,72,24,20,30,18,26,33,25,24,18,25,20,24,21,27,18,18,20,20,23,34,27,17,21,27,20,22,29,21,18,25,20,29,18,15,16,19,18,25,20,17,17,19,18,21,24,19,19,22,17,14,16,13,17,14,11,13,24,17,14,19,14,15,12,14,17,27,13,16,21,14,15,18,18,26,26,17,16,21,20,31,23;4,6,3,8,2,5,1,7,2,7,1,6,4,5,3,8,3,8,1,6,2,5,4,7,3,6,2,5,1,8,4,7,3,7,2,6,4,8,1,5,3,5,4,7,2,6,1,8,1,7,4,6,3,8,2,5,3,7,4,6,2,5,1,8,4,5,1,7,3,6,2,8,3,6,4,5,1,7,2,8,2,8,1,7,3,5,4,6,1,8,4,7,3,6,2,5
GypaBO;2;3;-1,1,-1,-1,-1,1,-1,1,-1,-1,-1,1,-1,1,1,1,-1,1,-1,1,-1,-1,-1,-1,1,-1,-1,-1,-1,1,-1,1,-1,1,1,-1,-1,1,1,-1,-1,1,-1,-1,-1,1,1,1,0,1,-1,-1,-1,-1,1,-1,-1,-1,-1,-1,-1,1,-1,-1,-1,1,-1,-1,-1,-1,-1,1,-1,-1,-1,1,-1,1,-1,-1,1,-1,-1,1,-1,1,-1,1,-1,-1,1,-1,-1,-1,-1,-1;46,13,16,17,28,20,17,17,19,15,20,16,14,23,21,19,14,17,19,24,18,20,23,16,17,13,14,17,13,18,16,16,14,19,28,15,15,17,19,14,16,20,16,15,16,17,20,17,0,16,17,15,20,14,16,15,19,13,16,14,15,14,14,13,17,17,18,13,13,14,18,16,14,13,16,23,14,18,14,13,18,13,13,23,15,17,16,20,20,12,13,19,11,15,16,23;1,5,4,8,2,6,3,7,2,8,4,5,1,7,3,6,4,7,3,5,2,8,1,6,1,7,3,5,2,6,4,8,1,8,4,6,2,7,3,5,2,6,3,7,1,5,4,8,1,5,2,7,4,8,3,6,1,5,3,6,4,7,2,8,4,5,3,7,1,6,2,8,4,7,1,5,2,8,3,6,2,5,3,6,4,7,1,8,3,7,4,5,2,6,1,8
53vvCs;2;3;-1,1,-1,1,-1,-1,-1,1,1,1,1,1,-1,-1,-1,-1,1,1,1,1,-1,-1,-1,-1,-1,-1,-1,1,-1,1,1,-1,-1,-1,-1,1,-1,-1,-1,-1,-1,-1,-1,-1,-1,-1,-1,-1,1,1,-1,-1,-1,1,1,1,1,1,-1,-1,-1,-1,-1,-1,-1,1,1,-1,-1,-1,-1,1,-1,-1,-1,-1,-1,-1,-1,1,1,1,-1,1,-1,-1,-1,-1,-1,-1,-1,-1,-1,1,-1,1;24,15,44,27,17,24,25,29,20,19,15,18,21,18,18,22,21,10,21,14,12,13,20,10,21,18,15,16,14,19,25,16,15,14,15,29,13,17,14,14,20,12,13,12,12,16,13,16,16,14,14,13,17,17,13,19,16,14,27,13,17,14,11,18,17,25,31,19,15,15,35,17,13,15,27,15,27,11,17,21,19,14,16,13,9,11,23,20,14,13,14,15,9,15,20,12;3,8,4,5,2,6,1,7,4,6,3,5,2,7,1,8,1,7,3,6,4,8,2,5,4,6,2,5,3,8,1,7,1,6,2,5,4,8,3,7,3,6,4,7,2,5,1,8,1,6,2,5,3,7,4,8,2,5,1,6,3,8,4,7,4,5,1,8,3,7,2,6,3,5,4,8,2,7,1,6,4,8,2,7,3,6,1,5,2,5,3,8,1,6,4,7
D5Gqls;2;2;-1,1,1,1,-1,1,-1,1,-1,-1,-1,1,1,1,-1,1,-1,1,-1,1,-1,1,-1,1,1,1,-1,1,1,1,1,1,-1,1,-1,1,-1,1,-1,1,-1,-1,-1,1,-1,1,-1,1,-1,1,-1,-1,-1,1,-1,-1,-1,1,-1,1,1,1,1,1,-1,1,-1,-1,-1,1,1,1,-1,1,-1,1,-1,1,-1,1,1,1,-1,1,-1,-1,-1,-1,-1,1,1,-1,-1,1,-1,-1;25,107,15,20,13,24,15,13,15,16,20,16,13,18,16,21,14,14,14,12,13,14,20,15,20,12,16,19,16,14,16,12,13,13,13,11,14,12,14,11,13,11,10,12,11,11,13,15,10,15,12,22,13,10,13,16,10,12,10,12,16,11,9,12,12,16,15,10,15,16,14,10,11,15,25,14,12,13,13,20,15,14,10,13,11,14,12,13,14,14,21,13,13,15,17,12;2,6,4,8,1,7,3,5,3,7,2,5,4,8,1,6,2,7,3,5,1,8,4,6,1,5,4,7,3,6,2,8,1,6,4,7,2,8,3,5,1,5,4,7,2,8,3,6,4,8,3,5,1,6,2,7,2,5,3,8,1,6,4,7,4,7,2,8,3,6,1,5,3,8,4,7,1,6,2,5,1,8,3,7,2,5,4,6,2,5,1,8,3,6,4,7
DDq8RG;2;2;-1,1,-1,1,-1,1,-1,1,-1,1,1,-1,-1,1,-1,-1,1,1,1,1,-1,-1,-1,1,1,1,1,-1,1,-1,-1,1,1,1,-1,1,-1,1,-1,1,1,1,-1,1,-1,1,-1,-1,-1,1,-1,1,-1,1,-1,-1,1,1,-1,1,-1,1,-1,-1,-1,1,1,1,-1,1,-1,1,1,-1,-1,1,1,1,1,-1,1,-1,-1,-1,-1,-1,-1,1,1,-1,-1,1,-1,1,1,-1;90,19,19,23,18,20,20,23,14,18,15,14,15,15,22,15,14,16,19,15,15,16,17,13,15,18,16,14,14,22,16,15,17,15,14,15,12,14,13,15,15,13,20,13,14,13,14,11,16,14,13,13,25,14,14,14,12,15,14,14,11,24,17,13,15,12,13,13,13,13,13,14,7,7,16,9,8,10,6,7,7,7,9,6,8,8,8,7,7,9,7,8,6,8,11,6;1,8,4,6,2,7,3,5,2,5,1,8,4,6,3,7,1,8,2,6,4,5,3,7,4,6,2,7,1,8,3,5,4,7,2,5,3,8,1,6,4,5,2,6,1,8,3,7,1,5,2,7,4,6,3,8,1,7,3,6,4,5,2,8,1,7,4,5,2,6,3,8,3,5,4,6,2,7,1,8,2,7,4,5,3,8,1,6,2,6,4,5,3,8,1,7
wgpT8d;1;2;-1,-1,1,-1,-1,1,-1,1,-1,-1,-1,1,-1,1,1,1,-1,1,-1,1,-1,-1,-1,-1,-1,1,-1,1,-1,1,-1,-1,-1,1,-1,1,-1,1,-1,1,1,1,-1,1,-1,1,-1,-1,1,1,1,1,-1,-1,-1,-1,-1,1,-1,-1,-1,1,-1,-1,-1,-1,-1,1,-1,-1,-1,1,1,1,1,1,-1,-1,-1,-1,1,1,-1,-1,-1,-1,-1,1,-1,-1,1,1,-1,1,-1,-1;22,26,28,29,34,32,27,27,24,27,25,27,24,26,27,27,26,26,27,28,34,27,26,36,24,22,21,23,21,25,24,23,26,25,27,27,21,25,23,28,27,23,23,26,21,25,25,24,21,22,16,24,17,18,17,22,24,22,21,22,17,24,20,21,20,23,19,26,17,19,19,23,17,19,18,17,16,16,18,21,19,17,17,19,18,18,19,18,19,21,21,26,21,22,19,22;1,6,3,8,4,5,2,7,1,6,2,7,4,5,3,8,4,6,2,8,1,7,3,5,3,8,4,6,1,5,2,7,3,5,2,8,1,7,4,6,2,6,4,5,3,8,1,7,4,7,2,6,3,5,1,8,4,6,1,8,3,7,2,5,2,8,4,7,3,6,1,5,2,5,3,8,4,7,1,6,2,6,1,8,4,7,3,5,1,6,4,5,2,7,3,8
190ag0;2;3;-1,1,-1,1,-1,-1,1,1,-1,-1,1,-1,-1,-1,1,-1,-1,1,1,1,-1,1,-1,-1,-1,1,-1,-1,1,1,-1,1,-1,1,-1,-1,-1,1,1,-1,-1,1,-1,1,-1,1,-1,-1,-1,1,-1,1,1,1,-1,1,1,1,-1,-1,-1,1,1,-1,1,1,-1,-1,-1,-1,1,1,-1,-1,-1,1,-1,-1,-1,1,-1,1,-1,-1,-1,1,1,1,-1,-1,-1,1,-1,1,-1,-1;12,11,18,11,16,9,10,10,10,9,11,9,10,10,9,8,14,10,9,12,9,11,10,10,14,11,10,11,10,14,10,14,10,9,9,15,8,14,10,10,14,14,9,12,15,14,12,15,14,17,56,13,21,10,15,13,17,15,21,18,15,15,12,14,13,15,15,16,16,13,13,14,22,56,24,30,24,26,18,21,20,27,20,17,19,18,24,19,20,15,19,21,24,18,25,23;3,8,1,5,4,6,2,7,1,6,4,7,2,5,3,8,2,6,3,5,4,8,1,7,4,5,1,8,2,6,3,7,1,5,4,6,3,8,2,7,3,7,2,8,4,5,1,6,3,8,1,6,4,5,2,7,3,5,4,7,2,6,1,8,2,5,1,7,3,8,4,6,2,5,3,7,1,8,4,6,2,8,4,7,1,5,3,6,2,8,3,7,1,6,4,5
FccqnT;2;2;1,1,-1,1,-1,1,-1,1,-1,1,-1,1,-1,1,-1,-1,1,1,-1,-1,-1,1,-1,1,1,1,-1,-1,-1,-1,-1,1,1,1,-1,-1,-1,1,-1,-1,-1,1,-1,1,-1,-1,-1,1,1,1,-1,0,-1,1,-1,-1,-1,1,-1,1,-1,1,-1,-1,-1,1,1,1,-1,-1,-1,1,-1,1,-1,1,-1,1,-1,-1,1,1,1,1,-1,1,-1,-1,-1,1,-1,1,1,-1,1,1;14,13,21,31,22,16,14,15,22,12,13,11,17,14,16,10,17,15,13,14,16,19,14,17,11,12,11,10,12,15,12,12,12,19,14,13,13,21,13,14,12,18,15,14,10,15,12,14,12,13,12,0,17,19,11,12,14,17,14,13,14,14,12,13,15,13,15,12,15,16,17,20,18,10,13,14,15,13,11,12,13,17,13,21,11,14,12,12,12,14,14,20,14,15,15,26;4,5,3,6,2,7,1,8,3,5,2,8,1,7,4,6,3,7,1,6,4,5,2,8,3,8,4,5,1,6,2,7,3,7,1,6,4,8,2,5,3,8,1,6,4,7,2,5,4,6,3,5,1,7,2,8,3,8,2,5,1,6,4,7,4,7,3,8,2,5,1,6,3,7,2,5,4,8,1,6,2,6,4,7,3,5,1,8,1,6,4,8,3,7,2,5
mbbgnG;1;3;1,-1,-1,1,-1,-1,-1,1,-1,-1,-1,1,-1,-1,1,1,-1,1,-1,1,-1,1,-1,1,-1,1,-1,-1,1,1,-1,1,-1,1,1,1,1,1,-1,1,-1,1,-1,1,-1,1,-1,1,1,1,1,1,-1,1,1,1,-1,1,-1,1,-1,-1,-1,1,-1,1,-1,-1,-1,-1,-1,1,-1,1,-1,1,-1,-1,-1,1,-1,1,1,1,-1,-1,1,1,-1,1,-1,1,-1,-1,-1,1;16,13,18,14,15,14,23,16,16,17,15,16,18,16,19,21,15,15,16,19,18,19,22,18,14,15,12,15,18,21,15,23,16,15,18,18,24,16,13,18,13,19,13,20,25,19,16,21,23,16,13,16,26,17,24,21,25,20,24,17,16,23,15,20,16,20,18,17,19,22,13,17,20,15,15,15,16,18,13,16,18,17,19,16,14,14,18,17,19,20,16,15,19,17,14,19;3,7,4,8,1,5,2,6,3,6,2,7,4,8,1,5,4,6,3,8,2,7,1,5,2,7,1,6,4,5,3,8,3,7,2,5,4,6,1,8,3,5,1,7,4,6,2,8,3,7,2,5,1,8,4,6,4,6,1,8,3,5,2,7,2,8,4,7,3,5,1,6,1,6,2,8,3,5,4,7,4,6,1,7,2,8,3,5,2,8,3,7,4,6,1,5
1H3wXy;1;4;-1,1,-1,1,-1,1,-1,1,-1,1,-1,1,1,1,-1,1,-1,-1,-1,1,1,1,1,1,-1,-1,-1,-1,-1,-1,1,1,-1,-1,-1,1,-1,1,1,1,-1,-1,-1,-1,-1,1,-1,-1,1,1,-1,-1,-1,-1,1,1,-1,-1,1,1,1,-1,1,1,1,1,1,1,-1,1,1,1,1,1,1,1,-1,1,1,1,-1,1,1,1,-1,1,1,1,-1,-1,1,1,1,-1,1,1;47,22,20,130,35,30,98,26,23,19,21,30,15,28,21,20,19,18,20,23,23,22,21,19,15,23,16,12,13,14,17,16,24,17,13,12,16,17,16,19,15,14,14,14,20,16,12,11,106,13,15,13,17,21,12,13,15,15,16,16,19,12,13,15,11,13,13,11,15,14,15,12,12,33,9,12,16,16,14,11,23,45,26,24,16,57,12,41,16,17,21,10,20,13,11,21;4,7,1,8,3,6,2,5,4,6,3,7,2,8,1,5,2,6,3,5,4,8,1,7,2,7,1,5,3,8,4,6,3,5,1,8,2,6,4,7,1,7,3,5,4,8,2,6,1,5,4,8,2,7,3,6,3,7,2,6,4,8,1,5,2,7,1,8,4,6,3,5,4,8,3,5,1,6,2,7,1,7,4,6,2,8,3,5,3,5,1,8,2,6,4,7
tPTj7H;1;4;1,-1,1,1,-1,1,-1,1,1,1,-1,1,1,-1,-1,1,-1,1,-1,1,-1,-1,1,-1,-1,-1,-1,1,-1,-1,-1,-1,-1,-1,-1,1,-1,-1,-1,1,-1,-1,-1,-1,-1,1,-1,-1,-1,1,-1,1,-1,1,1,-1,-1,1,1,1,-1,1,-1,1,-1,1,-1,1,-1,1,-1,-1,-1,1,-1,1,-1,1,-1,1,1,1,-1,1,1,1,-1,-1,-1,1,-1,1,-1,1,-1,1;20,31,16,15,23,11,18,18,21,17,19,18,20,23,20,24,17,17,22,31,27,19,23,24,15,14,19,17,16,17,18,14,27,17,17,18,16,17,16,26,17,21,18,31,19,26,14,18,21,20,20,17,25,17,17,15,14,18,26,23,15,22,17,23,30,25,37,25,26,25,21,15,20,18,24,16,23,15,21,17,18,16,16,40,20,21,16,15,22,17,39,24,17,16,19,23;2,6,4,7,3,8,1,5,4,7,3,8,1,6,2,5,1,7,2,6,3,8,4,5,3,8,2,7,4,5,1,6,3,6,2,7,1,8,4,5,2,5,3,7,1,8,4,6,1,7,2,8,4,5,3,6,3,8,2,5,1,7,4,6,4,8,3,5,1,7,2,6,4,6,3,8,2,5,1,7,1,5,2,6,3,7,4,8,4,5,2,8,1,7,3,6
noa49N;2;5;-1,1,-1,1,-1,-1,-1,1,-1,1,-1,1,-1,1,-1,1,-1,1,-1,1,-1,1,-1,1,-1,1,-1,1,-1,1,-1,1,-1,1,-1,1,-1,1,-1,1,-1,1,-1,1,-1,1,-1,1,-1,1,-1,1,-1,-1,-1,1,-1,1,-1,1,-1,1,-1,1,-1,1,-1,1,-1,1,-1,1,-1,1,-1,1,-1,1,-1,1,-1,1,-1,1,-1,1,-1,1,-1,1,-1,1,-1,1,-1,1;23,20,25,45,18,17,18,23,21,23,17,23,23,23,19,24,21,28,21,21,21,22,17,21,18,23,21,22,17,19,22,18,17,19,18,16,16,17,17,22,21,21,23,21,18,24,20,21,19,21,22,19,21,18,20,19,22,23,19,21,21,21,25,24,21,17,25,25,24,22,20,21,19,22,19,18,19,19,22,21,19,18,20,22,18,22,18,22,19,23,16,18,21,23,22,21;4,8,3,7,2,6,1,5,3,5,1,6,2,8,4,7,1,5,3,6,4,7,2,8,3,5,2,7,1,6,4,8,2,7,1,5,4,6,3,8,2,8,4,6,3,7,1,5,4,6,3,8,1,7,2,5,3,7,2,5,1,8,4,6,2,6,4,8,1,5,3,7,1,8,3,6,2,5,4,7,3,6,4,7,1,8,2,5,3,7,2,8,4,6,1,5
Jc83Kz;1;3;-1,1,-1,1,-1,-1,-1,1,1,1,1,1,1,1,-1,-1,-1,1,1,1,-1,1,-1,1,-1,1,-1,1,1,-1,-1,1,-1,1,1,1,-1,-1,-1,1,-1,-1,-1,1,-1,1,-1,1,-1,-1,1,1,-1,1,-1,1,-1,1,-1,1,-1,1,-1,1,-1,1,-1,1,-1,1,-1,1,-1,1,-1,1,-1,-1,1,-1,1,1,-1,1,-1,1,-1,1,1,1,-1,1,-1,1,-1,1;17,16,135,22,15,14,25,17,15,18,15,17,20,15,16,16,16,15,18,18,17,17,23,17,24,14,18,15,13,13,22,15,13,13,11,17,13,11,17,17,13,12,15,13,11,16,17,13,105,13,13,14,13,11,16,15,15,12,21,14,13,21,14,13,14,13,16,18,16,11,13,12,12,15,17,13,12,11,11,13,11,12,13,14,13,16,13,13,11,13,14,13,12,13,14,17;3,7,4,8,1,5,2,6,4,7,3,6,1,5,2,8,1,7,2,6,4,5,3,8,2,5,3,6,4,8,1,7,4,8,1,7,2,6,3,5,3,6,1,8,2,5,4,7,1,6,2,5,3,8,4,7,3,6,1,8,4,7,2,5,1,6,4,5,2,7,3,8,3,8,2,5,1,7,4,6,4,7,2,8,1,5,3,6,3,6,4,5,1,7,2,8
WsN26n;2;3;0,0,0,0,0,-1,0,0,-1,-1,-1,-1,-1,-1,-1,1,-1,1,-1,1,-1,-1,-1,1,-1,1,-1,-1,-1,1,-1,-1,-1,1,-1,-1,-1,-1,-1,1,-1,1,-1,1,-1,1,-1,1,-1,1,-1,1,-1,1,-1,1,-1,1,-1,1,-1,1,-1,1,-1,1,-1,-1,-1,1,-1,1,1,1,-1,1,-1,1,-1,1,-1,1,-1,1,-1,-1,-1,-1,-1,1,-1,-1,-1,1,-1,1;0,0,0,0,0,28,0,0,22,35,31,24,23,21,27,19,24,29,19,21,22,20,27,26,19,20,19,23,18,21,14,20,16,20,17,17,14,15,22,17,19,20,29,20,24,21,24,27,19,17,22,18,25,14,16,15,19,25,18,19,19,18,16,18,16,23,27,15,23,16,15,23,20,18,27,21,23,20,18,17,24,15,23,19,25,23,19,17,17,23,18,17,13,20,19,18;2,5,3,8,1,7,4,6,3,6,2,7,4,8,1,5,2,8,1,6,4,5,3,7,4,7,2,5,3,6,1,8,2,7,1,5,3,6,4,8,2,7,4,8,3,5,1,6,3,7,2,8,1,6,4,5,4,7,3,8,2,6,1,5,1,7,4,6,2,5,3,8,3,8,1,7,2,6,4,5,2,8,4,7,1,5,3,6,2,7,1,5,4,6,3,8
P6JO6L;1;3;-1,1,-1,1,-1,1,-1,1,-1,1,-1,1,-1,1,-1,1,-1,1,-1,1,-1,-1,-1,1,-1,1,-1,1,-1,1,-1,1,-1,1,-1,1,-1,1,-1,1,-1,1,-1,1,-1,1,-1,1,-1,1,-1,-1,-1,1,-1,1,-1,1,-1,1,-1,1,-1,-1,-1,1,-1,-1,-1,1,-1,1,-1,1,-1,1,-1,1,-1,1,-1,1,-1,-1,-1,-1,-1,1,-1,1,-1,1,-1,1,-1,1;18,18,32,107,24,17,20,22,18,24,27,21,15,21,19,18,22,13,15,24,18,18,24,19,16,14,14,12,20,18,14,12,15,13,14,11,11,12,15,12,13,12,15,15,13,15,13,15,15,10,14,12,13,12,10,16,11,19,13,16,13,16,13,11,14,18,11,12,15,25,13,18,13,29,12,15,15,16,13,15,12,21,16,16,16,17,16,18,21,15,16,17,26,17,17,16;4,8,3,5,2,6,1,7,3,8,1,5,2,7,4,6,3,6,2,8,1,7,4,5,3,5,2,6,1,7,4,8,2,5,3,7,1,8,4,6,1,7,4,6,2,5,3,8,4,7,2,6,1,8,3,5,3,7,1,5,4,6,2,8,3,8,4,6,1,5,2,7,4,8,1,7,3,5,2,6,1,7,3,5,4,8,2,6,3,7,1,8,4,5,2,6
ODcjho;1;3;1,1,-1,0,-1,-1,-1,-1,1,-1,-1,-1,-1,-1,1,-1,1,-1,-1,-1,-1,1,-1,-1,-1,1,-1,1,-1,1,1,1,1,1,-1,1,1,1,1,1,1,1,-1,-1,-1,-1,-1,1,-1,1,1,1,-1,-1,-1,1,-1,-1,-1,1,1,1,-1,1,1,-1,1,1,-1,1,-1,1,1,1,-1,1,1,1,-1,1,1,1,-1,1,1,1,-1,1,-1,1,-1,1,-1,1,-1,1;21,56,39,0,22,16,72,40,13,49,16,16,10,13,17,16,13,12,13,12,12,16,12,13,19,19,18,17,12,15,21,19,13,16,15,14,40,15,18,17,17,23,18,19,18,14,14,16,20,12,15,13,15,12,13,16,21,15,11,16,13,14,22,17,33,21,19,17,17,15,15,17,20,21,13,15,18,14,13,16,15,15,12,16,16,15,16,15,13,18,16,17,13,17,15,14;4,7,3,8,2,5,1,6,1,5,3,8,4,7,2,6,3,6,2,7,4,5,1,8,1,5,2,6,3,8,4,7,3,7,2,5,4,8,1,6,2,5,3,6,1,7,4,8,1,7,4,5,3,6,2,8,4,5,2,6,3,8,1,7,2,8,4,5,3,7,1,6,2,7,1,5,4,6,3,8,4,5,2,6,1,7,3,8,4,8,3,7,1,5,2,6
fdVB9U;2;5;0,1,-1,1,1,-1,-1,1,-1,-1,-1,1,-1,1,-1,1,-1,-1,-1,-1,-1,1,1,1,-1,1,-1,-1,-1,1,1,-1,-1,-1,-1,-1,1,1,1,1,-1,1,1,-1,-1,1,-1,1,-1,-1,-1,1,1,1,1,1,-1,1,-1,1,-1,-1,-1,-1,-1,-1,-1,1,-1,1,1,-1,-1,-1,-1,-1,-1,-1,-1,1,-1,1,-1,-1,-1,1,1,1,-1,-1,-1,1,-1,1,1,1;0,39,26,50,75,33,27,24,20,47,47,24,44,35,22,37,24,23,23,19,37,25,25,19,19,27,20,25,29,22,22,26,22,23,24,33,38,31,43,29,23,27,34,26,22,35,22,22,21,16,18,26,29,29,22,14,20,43,20,36,37,33,28,21,21,36,19,33,30,35,20,25,18,20,21,24,39,23,38,17,17,21,16,20,24,17,30,38,22,31,32,27,25,28,16,22;1,5,2,6,3,8,4,7,3,5,4,8,2,6,1,7,4,5,2,7,3,6,1,8,3,6,4,7,1,5,2,8,2,8,4,7,3,6,1,5,2,8,1,6,3,5,4,7,4,7,1,8,3,6,2,5,1,8,4,6,2,5,3,7,2,5,4,8,3,6,1,7,1,6,2,8,3,7,4,5,2,5,1,7,4,6,3,8,2,7,1,5,3,8,4,6
MxpU2I;1;6;-1,1,-1,1,-1,1,-1,1,-1,1,-1,1,-1,1,-1,1,-1,1,-1,1,-1,1,-1,1,-1,1,-1,1,-1,1,-1,1,-1,1,-1,1,-1,1,-1,1,-1,1,-1,1,-1,1,-1,1,-1,1,-1,-1,-1,1,-1,1,-1,1,-1,1,1,1,1,1,-1,1,-1,1,-1,1,-1,1,-1,-1,-1,-1,-1,1,-1,-1,-1,1,-1,-1,-1,1,-1,1,-1,-1,-1,1,-1,1,-1,1;25,35,39,27,31,36,30,29,18,22,24,31,22,37,24,26,19,26,25,25,33,26,27,35,24,23,25,30,31,27,21,31,30,24,21,36,23,31,34,29,30,27,25,33,32,34,26,27,30,23,19,34,28,23,21,19,16,23,20,21,29,19,28,24,21,20,17,34,29,22,33,20,19,38,18,27,27,17,33,37,25,24,14,32,27,20,26,30,17,25,17,31,21,29,44,19;3,6,2,5,4,8,1,7,4,7,2,5,3,6,1,8,1,5,2,8,3,7,4,6,4,6,2,8,3,5,1,7,1,8,2,6,3,7,4,5,3,8,4,5,2,6,1,7,1,6,4,5,3,8,2,7,1,8,4,5,2,7,3,6,4,6,2,8,3,7,1,5,1,6,4,7,3,8,2,5,2,7,1,6,3,8,4,5,1,5,4,7,3,6,2,8
cbiaOk;1;5;-1,1,-1,1,-1,1,-1,1,-1,1,-1,1,-1,1,-1,1,1,1,-1,1,-1,1,-1,1,-1,-1,-1,1,1,1,-1,1,-1,1,1,1,-1,1,-1,1,-1,1,-1,-1,-1,1,-1,1,-1,1,-1,1,-1,1,-1,-1,-1,1,-1,-1,-1,1,-1,1,-1,1,-1,1,-1,-1,-1,-1,-1,1,-1,1,-1,1,-1,1,-1,1,-1,1,-1,1,-1,1,1,1,-1,1,-1,-1,-1,1;28,22,32,23,27,28,25,21,28,22,29,26,22,25,27,26,20,22,29,22,20,22,21,25,21,25,31,23,31,22,30,15,23,21,20,19,22,22,24,21,19,21,27,28,21,22,19,22,21,21,22,29,33,17,21,22,21,26,21,26,22,20,24,21,20,25,35,22,20,17,26,24,19,28,25,25,19,20,16,19,21,23,21,21,19,17,33,21,22,16,29,17,17,22,14,19;1,6,2,8,4,7,3,5,3,8,2,7,4,6,1,5,1,6,4,8,3,7,2,5,4,8,2,5,1,6,3,7,2,8,1,6,3,7,4,5,1,7,2,8,4,5,3,6,4,8,1,7,2,5,3,6,3,6,1,7,4,8,2,5,3,7,4,6,2,5,1,8,3,7,1,8,4,5,2,6,2,7,1,8,4,5,3,6,1,6,3,5,4,7,2,8
A8O7p4;1;2;-1,1,-1,1,-1,1,-1,1,-1,1,-1,1,1,1,-1,1,-1,1,-1,1,-1,1,-1,1,-1,1,-1,1,-1,1,-1,1,-1,1,-1,1,-1,1,1,1,-1,1,-1,1,-1,1,-1,1,-1,1,-1,1,-1,1,-1,1,-1,1,-1,1,-1,1,1,1,-1,1,1,1,1,1,-1,1,-1,1,-1,1,-1,1,-1,1,-1,1,-1,1,-1,1,-1,1,-1,-1,-1,1,-1,1,-1,1;140,46,24,26,51,36,46,30,24,21,31,19,23,17,27,19,19,22,23,23,26,17,24,20,85,22,27,19,19,17,20,40,25,19,23,20,24,19,37,22,22,28,21,22,39,21,44,37,25,27,30,29,21,27,33,34,22,22,34,32,25,18,22,27,30,19,19,28,50,20,23,21,27,27,18,19,30,19,23,40,17,29,21,19,25,16,21,19,46,31,18,31,19,40,20,20;1,7,4,5,2,6,3,8,1,5,4,6,2,7,3,8,4,5,2,6,3,7,1,8,1,7,2,5,4,6,3,8,1,8,2,6,3,7,4,5,3,5,2,6,4,8,1,7,1,7,4,8,3,5,2,6,1,8,2,6,3,7,4,5,1,6,3,8,2,7,4,5,2,6,1,5,4,8,3,7,4,6,2,5,1,8,3,7,3,8,1,6,4,5,2,7
pKqr3u;1;3;-1,1,-1,1,-1,1,-1,1,1,-1,-1,1,-1,1,-1,1,-1,1,-1,-1,-1,1,-1,1,-1,1,-1,1,-1,1,-1,-1,-1,1,-1,1,-1,1,-1,1,-1,1,-1,1,-1,1,-1,1,-1,-1,-1,1,-1,1,-1,1,-1,1,-1,-1,-1,1,-1,1,-1,1,-1,1,-1,1,-1,1,-1,1,-1,1,-1,1,-1,1,-1,1,-1,1,-1,1,-1,1,-1,1,-1,-1,-1,1,-1,1;27,20,20,79,28,27,86,19,19,23,23,23,27,21,19,17,27,19,23,31,18,21,19,31,23,25,21,18,19,21,23,23,27,22,22,21,28,21,19,18,22,17,27,17,25,26,24,23,23,21,18,21,18,23,20,20,19,20,23,27,18,21,21,20,19,16,22,20,17,17,20,19,19,18,21,19,16,15,18,28,20,21,22,20,17,19,21,22,27,16,19,23,19,18,21,15;4,7,1,6,2,8,3,5,3,6,4,5,2,7,1,8,2,7,1,8,4,6,3,5,3,8,1,6,4,5,2,7,2,5,1,6,4,8,3,7,4,6,2,8,1,5,3,7,2,5,4,6,3,7,1,8,3,7,4,8,2,6,1,5,4,7,2,8,3,5,1,6,1,8,4,7,2,6,3,5,4,7,1,8,3,5,2,6,1,6,2,5,4,8,3,7
vDypPS;2;2;1,1,-1,1,-1,-1,-1,1,-1,1,-1,1,-1,1,-1,1,-1,1,1,1,-1,1,-1,1,-1,1,-1,1,-1,1,-1,1,-1,1,-1,1,-1,1,-1,-1,1,1,-1,1,-1,1,-1,1,-1,1,-1,1,-1,1,1,1,-1,1,-1,1,-1,1,-1,1,-1,1,-1,1,1,1,-1,1,-1,1,1,1,-1,1,1,1,-1,1,-1,1,-1,1,-1,1,-1,1,1,1,-1,-1,1,1;31,20,20,24,18,19,25,21,18,12,18,16,18,17,17,14,18,15,13,21,19,14,18,15,19,14,23,23,18,12,20,14,21,19,19,18,19,16,16,16,16,20,21,15,15,18,15,31,19,22,19,17,21,20,12,15,19,17,16,15,19,20,23,13,23,33,26,16,35,14,19,22,23,14,28,14,15,19,12,19,19,23,16,14,14,12,26,15,19,14,23,16,11,22,28,13;3,7,1,8,4,6,2,5,1,6,4,5,2,8,3,7,1,7,3,8,4,6,2,5,3,8,2,6,4,7,1,5,4,6,1,8,3,7,2,5,4,5,2,7,1,8,3,6,4,7,2,6,1,8,3,5,4,7,1,6,2,8,3,5,2,5,3,8,4,7,1,6,3,6,2,8,1,5,4,7,1,6,2,8,4,7,3,5,4,8,1,5,2,7,3,6
qxTrSz;2;2;1,1,-1,-1,1,-1,-1,1,-1,1,-1,-1,-1,-1,-1,1,-1,1,-1,1,-1,1,1,1,1,1,-1,-1,-1,1,1,1,-1,1,-1,-1,-1,1,1,-1,1,1,-1,1,-1,-1,-1,-1,1,1,-1,1,-1,1,-1,-1,1,1,1,1,1,1,1,1,-1,1,-1,1,-1,1,-1,1,1,1,1,1,-1,1,1,1,1,1,1,1,-1,1,-1,1,-1,1,-1,1,1,1,1,1;21,14,34,70,16,58,27,69,16,42,17,51,27,50,16,23,13,19,16,16,19,16,17,19,18,16,66,17,14,18,85,19,18,34,20,15,21,17,17,18,18,15,67,18,15,21,15,16,17,21,16,15,13,17,13,13,11,13,19,16,13,13,17,17,16,16,14,14,16,18,13,25,13,14,15,15,17,13,11,15,13,21,11,13,24,16,15,17,18,13,34,12,14,21,22,15;4,5,2,6,3,8,1,7,4,6,2,5,3,7,1,8,1,5,2,6,3,8,4,7,3,7,4,6,2,8,1,5,4,5,3,8,1,7,2,6,1,6,2,5,3,8,4,7,3,5,2,7,4,8,1,6,4,8,1,6,2,7,3,5,3,5,1,7,2,6,4,8,4,5,2,8,1,6,3,7,3,7,2,6,4,5,1,8,4,6,2,5,1,7,3,8
V1pj5l;2;3;1,-1,1,1,-1,1,-1,-1,1,1,1,1,1,-1,1,-1,1,1,-1,-1,-1,1,-1,-1,1,1,-1,1,-1,1,1,-1,1,1,1,1,1,1,-1,-1,1,1,-1,1,-1,-1,1,-1,1,1,1,1,-1,1,-1,-1,-1,-1,1,-1,-1,1,-1,-1,1,1,-1,-1,-1,1,-1,-1,-1,1,-1,-1,1,-1,-1,-1,1,1,1,-1,-1,-1,-1,-1,-1,-1,-1,1,-1,1,-1,1;14,28,15,15,11,12,17,16,15,13,18,13,14,13,11,12,20,17,12,11,17,15,16,12,16,15,19,13,19,18,13,15,13,13,17,17,16,16,14,12,17,11,17,14,11,17,11,21,13,15,17,16,14,16,17,13,15,14,13,13,13,12,18,14,17,16,16,15,13,18,12,12,20,23,17,16,16,17,16,22,16,14,16,19,18,14,15,13,16,13,18,16,13,22,16,20;2,6,3,8,4,7,1,5,3,8,1,6,4,5,2,7,2,8,1,5,3,7,4,6,4,7,3,8,2,5,1,6,3,7,4,5,1,6,2,8,4,7,2,5,3,8,1,6,3,8,2,6,1,7,4,5,2,7,3,6,1,8,4,5,4,8,3,7,2,5,1,6,3,6,1,8,4,7,2,5,4,5,1,8,2,6,3,7,1,5,2,8,3,7,4,6
gSrB2c;1;3;1,1,-1,1,-1,1,-1,-1,-1,1,-1,1,-1,-1,1,-1,-1,1,-1,1,1,1,-1,1,-1,1,1,1,1,1,-1,1,-1,1,-1,-1,-1,1,-1,-1,-1,1,-1,1,-1,-1,-1,1,1,1,-1,1,-1,1,-1,1,-1,1,1,1,-1,1,1,1,-1,1,1,1,-1,1,-1,1,-1,1,-1,1,-1,1,-1,1,1,1,-1,1,-1,1,-1,-1,1,1,-1,1,-1,1,-1,1;66,38,33,45,38,42,26,29,26,21,32,29,40,26,21,27,40,31,27,19,15,18,21,23,20,20,20,15,14,20,20,18,19,19,18,14,16,17,36,16,22,15,18,21,21,21,17,39,32,27,19,32,19,18,23,41,21,18,31,19,20,18,16,16,22,13,14,14,19,14,37,21,22,26,17,18,31,20,16,18,14,20,35,22,21,18,24,24,17,13,25,17,24,12,20,18;1,6,2,5,3,7,4,8,3,5,1,6,4,8,2,7,1,6,3,5,2,8,4,7,3,7,4,6,2,8,1,5,2,7,3,5,1,8,4,6,2,8,4,7,1,6,3,5,3,7,1,8,2,5,4,6,2,6,1,8,4,7,3,5,2,6,4,5,1,8,3,7,1,7,2,6,3,5,4,8,2,5,3,8,1,7,4,6,3,8,2,6,1,5,4,7
O29Dgu;1;3;-1,1,-1,1,-1,1,-1,1,-1,1,1,-1,-1,1,1,1,-1,1,-1,1,-1,1,-1,1,-1,1,-1,-1,-1,1,-1,1,-1,1,-1,1,-1,-1,1,1,1,1,-1,1,-1,1,-1,1,-1,1,1,1,-1,1,-1,1,-1,1,-1,-1,-1,-1,-1,-1,-1,1,-1,1,-1,1,-1,-1,-1,1,-1,1,-1,-1,-1,1,-1,-1,-1,1,-1,-1,-1,1,-1,-1,-1,1,-1,1,-1,1;32,27,129,19,47,23,32,21,22,18,18,29,18,27,21,17,17,19,17,16,17,20,16,21,23,27,21,18,23,20,17,29,16,19,14,15,16,13,7,19,20,16,16,21,27,16,16,26,31,18,19,14,19,20,17,14,13,28,15,17,15,27,15,16,15,19,16,14,14,16,14,20,15,16,15,23,18,23,14,20,14,16,22,14,23,16,23,14,13,13,14,17,18,20,21,20;3,5,2,7,1,8,4,6,4,7,1,6,3,8,2,5,4,8,1,6,2,5,3,7,2,5,4,8,1,7,3,6,1,6,2,8,4,5,3,7,3,7,1,5,4,8,2,6,1,5,4,8,2,6,3,7,4,5,3,8,2,7,1,6,3,7,1,5,4,8,2,6,4,6,2,5,1,8,3,7,4,6,2,8,3,7,1,5,1,5,3,6,4,7,2,8
ZE1C3Q;2;3;-1,-1,-1,-1,-1,1,-1,1,-1,1,1,1,-1,1,-1,1,-1,1,1,1,1,1,1,-1,1,1,-1,1,-1,1,-1,-1,-1,1,1,1,-1,1,-1,1,1,1,1,1,1,1,-1,1,-1,1,-1,1,-1,1,-1,1,-1,-1,-1,1,-1,1,-1,1,-1,1,-1,-1,-1,1,1,1,1,-1,1,1,1,1,1,1,-1,-1,-1,1,-1,1,-1,1,1,1,1,1,1,1,-1,-1;24,31,26,32,21,22,26,22,22,21,28,22,25,26,20,21,19,18,19,23,23,21,20,17,19,17,26,17,20,21,27,25,28,22,20,20,25,18,22,20,16,18,21,15,21,18,21,17,19,18,34,19,22,17,22,16,28,21,16,15,17,17,16,21,16,17,21,19,25,19,18,19,19,25,21,19,17,17,19,15,16,21,21,16,18,16,17,21,18,15,19,16,21,13,20,26;4,7,1,6,3,5,2,8,4,6,1,5,2,8,3,7,2,7,1,5,4,8,3,6,3,6,4,5,2,7,1,8,4,5,1,7,2,8,3,6,2,7,3,6,1,8,4,5,3,5,1,8,2,6,4,7,4,6,3,7,1,8,2,5,2,6,4,5,3,7,1,8,4,6,1,8,2,7,3,5,3,7,4,5,1,6,2,8,3,7,1,8,4,5,2,6
fTSZIE;1;3;-1,1,-1,1,-1,-1,-1,1,-1,1,-1,-1,-1,1,-1,1,-1,1,1,1,-1,-1,-1,-1,-1,1,-1,1,-1,1,-1,1,-1,1,-1,-1,-1,-1,-1,1,-1,1,-1,1,-1,1,-1,1,-1,1,-1,1,1,1,1,1,-1,-1,-1,1,-1,1,-1,-1,1,1,-1,1,-1,1,-1,1,-1,1,-1,1,-1,1,-1,1,-1,1,-1,1,-1,1,-1,1,-1,1,-1,1,1,1,1,1;65,30,60,26,35,76,31,62,47,27,41,72,29,48,31,30,44,58,38,26,32,52,22,35,26,29,33,22,30,22,46,20,27,17,27,26,73,49,73,20,34,57,28,23,52,73,114,50,31,63,40,25,37,25,82,44,35,34,46,62,31,25,34,74,41,37,48,30,25,20,32,24,30,29,27,23,36,23,39,48,35,25,31,29,65,20,67,28,64,28,30,24,22,35,90,20;3,6,1,8,4,5,2,7,3,8,4,6,1,5,2,7,4,5,1,7,3,8,2,6,3,5,1,6,4,8,2,7,1,8,2,5,4,7,3,6,4,7,3,8,2,5,1,6,3,8,1,5,4,6,2,7,2,6,4,7,1,8,3,5,4,6,1,5,2,7,3,8,1,8,4,5,3,6,2,7,3,8,1,7,2,6,4,5,4,7,1,5,3,8,2,6
IIyIjk;1;4;-1,-1,1,1,1,1,-1,-1,-1,1,-1,1,1,1,-1,1,-1,1,1,1,-1,-1,1,1,-1,0,1,1,1,-1,0,1,-1,-1,-1,1,1,-1,-1,1,-1,1,1,1,-1,-1,-1,-1,-1,1,1,1,-1,1,-1,-1,1,1,1,1,-1,-1,1,1,-1,1,-1,1,-1,1,-1,1,1,-1,1,1,-1,-1,1,1,-1,1,-1,1,1,1,-1,-1,1,1,1,-1,1,1,-1,1;45,48,25,25,25,29,34,37,27,26,42,35,38,50,23,21,18,25,18,19,18,23,19,22,22,0,15,12,20,39,0,20,22,19,15,17,17,18,17,12,25,22,13,34,23,20,14,16,97,15,14,16,18,14,8,24,19,18,13,16,17,18,16,16,25,11,25,24,22,10,20,17,15,15,22,129,20,17,27,19,42,21,36,10,17,20,19,18,12,15,12,33,10,19,17,24;1,7,2,6,3,5,4,8,4,5,2,6,3,7,1,8,1,5,3,8,4,6,2,7,2,7,1,6,4,8,3,5,3,6,2,8,4,5,1,7,3,7,1,5,2,6,4,8,1,5,3,6,2,7,4,8,4,8,2,6,3,5,1,7,1,6,2,7,4,8,3,5,4,8,3,5,1,6,2,7,1,7,4,8,3,6,2,5,1,8,2,6,3,5,4,7
1Edr8I;1;2;1,-1,-1,1,-1,1,-1,-1,-1,1,-1,-1,-1,1,-1,-1,-1,-1,-1,-1,1,-1,-1,1,-1,-1,-1,1,1,-1,-1,1,-1,1,-1,-1,1,1,1,-1,-1,-1,-1,1,-1,1,-1,-1,1,1,-1,-1,1,-1,-1,-1,-1,1,-1,-1,-1,1,-1,1,-1,-1,-1,-1,-1,1,-1,1,-1,-1,-1,-1,-1,1,-1,-1,-1,1,1,-1,-1,-1,-1,1,-1,1,-1,1,-1,1,-1,1;14,19,23,16,19,25,20,15,12,15,11,12,12,15,9,11,13,9,10,12,15,7,11,11,11,15,12,18,12,14,19,12,17,17,14,13,12,22,18,19,14,17,15,20,16,18,15,16,16,15,14,11,12,13,13,12,12,16,15,12,13,14,15,14,13,13,12,15,15,14,13,13,16,13,13,13,14,14,9,14,25,16,15,12,79,14,13,25,14,19,18,25,21,21,26,18;3,5,2,7,1,6,4,8,4,8,2,6,1,5,3,7,3,7,1,6,4,5,2,8,4,8,1,5,2,7,3,6,2,5,4,8,3,7,1,6,1,7,2,8,3,5,4,6,1,8,2,7,4,6,3,5,2,8,3,5,1,6,4,7,3,8,2,7,1,5,4,6,1,8,4,5,2,7,3,6,4,7,3,6,2,8,1,5,2,6,1,8,4,7,3,5
Dd4EVj;1;3;1,-1,1,-1,-1,1,1,1,1,-1,1,1,-1,-1,1,-1,-1,1,-1,-1,1,-1,1,-1,1,-1,-1,-1,1,-1,1,-1,1,-1,-1,-1,1,-1,1,-1,1,-1,1,-1,1,-1,-1,1,1,1,1,1,1,-1,-1,-1,1,-1,-1,1,1,1,1,-1,1,1,1,1,1,-1,-1,-1,1,-1,1,-1,1,-1,1,1,1,1,1,-1,1,1,1,1,1,1,1,-1,1,-1,1,-1;18,23,17,69,16,14,22,13,17,18,16,18,15,15,16,23,14,19,11,11,14,15,15,17,12,10,18,12,12,14,11,14,27,13,12,14,13,14,11,12,19,15,13,13,16,17,13,15,13,17,17,15,15,17,16,15,15,15,20,17,19,21,16,15,17,21,14,19,15,16,17,22,17,15,13,16,11,14,15,14,13,13,16,20,20,14,16,16,15,19,18,18,16,15,17,17;4,7,2,8,3,6,1,5,4,7,2,5,3,8,1,6,4,6,3,8,2,5,1,7,3,7,2,5,4,8,1,6,2,7,4,6,3,8,1,5,1,7,3,8,2,6,4,5,4,7,2,5,1,8,3,6,4,8,3,6,2,5,1,7,2,8,4,5,3,7,1,6,2,5,3,8,1,7,4,6,3,8,2,7,1,6,4,5,4,5,3,7,1,8,2,6
7Qd4Ix;1;2;-1,1,1,1,1,1,-1,1,-1,1,1,1,1,1,-1,-1,1,1,1,1,-1,1,-1,-1,-1,1,-1,1,-1,1,1,1,1,1,-1,1,1,1,1,-1,-1,1,-1,1,1,-1,1,1,-1,1,1,-1,1,1,-1,1,-1,1,-1,1,-1,1,-1,1,-1,1,-1,1,1,1,-1,-1,-1,1,-1,1,-1,1,1,1,-1,-1,-1,1,1,1,1,1,1,1,1,1,-1,1,-1,1;21,12,13,14,14,15,16,12,16,16,14,13,13,14,16,14,14,15,12,14,11,13,15,13,18,17,15,18,15,15,13,15,17,19,16,15,17,18,18,14,17,16,26,17,18,15,15,16,19,20,20,19,15,13,16,16,17,15,19,16,16,19,17,15,14,15,15,16,15,16,15,16,15,17,17,19,17,17,15,17,15,17,27,17,15,21,17,19,21,21,19,19,17,18,15,18;1,6,4,5,3,7,2,8,4,8,2,6,3,7,1,5,4,7,3,8,2,6,1,5,1,7,3,6,4,8,2,5,4,6,1,8,2,5,3,7,3,8,1,7,2,6,4,5,4,6,1,5,3,8,2,7,4,5,3,6,1,8,2,7,3,6,4,7,2,5,1,8,1,7,3,8,2,5,4,6,2,8,4,5,1,7,3,6,2,6,3,5,1,8,4,7
LlVFiA;1;2;-1,-1,-1,-1,1,1,-1,-1,1,-1,-1,-1,-1,1,-1,-1,-1,1,1,-1,1,-1,-1,1,-1,-1,-1,-1,1,-1,1,1,-1,-1,-1,1,-1,1,1,-1,1,1,1,1,-1,1,1,1,1,1,-1,1,-1,-1,-1,1,-1,1,-1,-1,1,-1,-1,-1,1,1,-1,-1,-1,-1,-1,-1,-1,-1,-1,-1,-1,1,-1,1,-1,-1,-1,-1,1,1,1,1,-1,-1,-1,1,-1,1,1,-1;11,10,24,14,17,15,23,15,13,13,13,15,15,15,21,40,7,10,7,15,15,12,9,2,11,15,18,15,11,27,20,14,11,15,11,7,7,9,2,12,9,20,15,2,18,17,5,19,16,8,2,5,3,17,5,11,20,13,18,32,9,15,18,16,14,5,6,6,18,11,1,8,11,19,8,11,10,6,23,7,15,10,3,4,11,17,6,4,2,8,1,2,10,7,7,10;2,6,1,8,4,5,3,7,1,6,2,7,3,5,4,8,3,8,2,6,1,5,4,7,1,5,4,7,2,6,3,8,2,7,3,6,4,5,1,8,2,6,3,8,1,7,4,5,2,5,3,8,4,7,1,6,3,8,1,6,2,7,4,5,3,5,4,6,1,7,2,8,2,8,3,5,1,6,4,7,3,6,1,8,2,5,4,7,1,7,2,6,3,8,4,5
ggzux7;2;4;-1,-1,1,-1,1,-1,1,1,-1,-1,1,-1,-1,-1,-1,1,1,-1,-1,-1,1,-1,1,-1,-1,-1,-1,-1,1,-1,1,-1,-1,-1,-1,-1,-1,-1,1,-1,-1,-1,-1,-1,-1,-1,-1,-1,-1,-1,-1,-1,-1,-1,1,-1,-1,-1,-1,-1,-1,-1,1,-1,-1,-1,-1,-1,-1,-1,1,-1,-1,-1,-1,-1,1,-1,-1,-1,-1,-1,1,-1,-1,-1,-1,-1,-1,-1,-1,-1,-1,-1,-1,1;26,20,26,28,17,17,34,24,23,17,23,17,23,30,27,48,28,23,36,23,36,42,30,27,14,15,18,19,21,19,21,18,26,18,25,30,16,31,21,25,19,20,23,18,32,24,46,21,20,24,15,19,17,18,28,24,20,14,18,15,18,20,36,25,21,17,24,15,22,17,41,25,17,21,19,17,33,19,23,20,13,24,24,16,30,14,28,19,17,14,15,14,21,29,17,47;2,8,3,6,1,7,4,5,4,8,2,7,1,6,3,5,3,8,4,6,2,5,1,7,3,7,1,6,4,5,2,8,3,6,1,7,2,5,4,8,1,8,3,7,2,5,4,6,4,5,3,6,1,8,2,7,3,7,2,5,1,6,4,8,4,7,2,8,3,5,1,6,1,6,3,7,2,5,4,8,3,6,1,7,2,5,4,8,2,7,3,5,1,6,4,8
KXZFcz;1;3;1,-1,1,-1,1,-1,1,-1,1,-1,1,-1,1,-1,1,1,1,-1,1,-1,1,-1,1,-1,1,1,1,-1,1,-1,1,-1,-1,-1,-1,-1,1,1,-1,-1,1,-1,1,-1,1,1,1,-1,1,-1,1,-1,1,-1,1,-1,1,-1,1,-1,1,-1,1,-1,1,1,1,-1,1,-1,1,-1,1,-1,1,-1,1,-1,1,-1,1,1,1,-1,1,-1,1,-1,1,-1,-1,-1,1,-1,1,-1;29,26,35,15,25,31,26,24,29,22,19,26,17,34,20,18,17,17,14,23,33,18,19,20,19,21,21,21,23,19,31,21,17,17,17,17,21,18,18,20,23,17,17,17,17,18,21,16,15,18,22,13,15,17,21,12,18,13,24,19,20,18,20,23,17,22,17,19,23,17,22,20,38,23,20,18,19,20,15,18,15,18,16,15,22,18,16,22,18,19,20,23,19,18,18,19;3,5,4,6,2,8,1,7,1,8,3,7,4,6,2,5,2,6,1,8,3,7,4,5,4,8,3,5,1,7,2,6,4,7,3,5,1,8,2,6,1,7,4,5,3,6,2,8,3,5,2,7,1,6,4,8,2,7,4,8,3,6,1,5,4,6,1,7,2,5,3,8,2,5,1,6,4,7,3,8,4,6,2,5,1,7,3,8,4,8,3,6,2,7,1,5
XGgNan;1;5;-1,1,-1,1,-1,1,-1,1,-1,1,-1,-1,-1,1,-1,1,-1,1,-1,1,-1,1,-1,1,-1,1,-1,1,-1,1,-1,1,-1,1,-1,1,-1,1,1,1,-1,1,-1,1,-1,1,-1,1,-1,1,-1,1,-1,1,-1,1,-1,1,-1,1,-1,1,-1,1,-1,1,-1,1,-1,1,-1,1,-1,1,-1,1,-1,-1,-1,1,-1,1,-1,1,-1,1,-1,1,-1,1,-1,1,-1,1,-1,1;25,21,66,49,31,24,72,46,27,22,25,24,27,24,23,24,27,25,37,22,25,24,37,32,24,29,27,24,20,29,27,23,34,22,21,30,26,27,25,21,73,27,29,28,22,41,28,35,28,21,32,22,28,26,36,41,31,28,33,42,21,23,28,24,68,22,22,23,37,28,24,47,20,31,25,26,20,21,29,40,23,22,29,20,24,35,27,22,21,23,36,24,19,23,23,74;3,7,4,8,1,6,2,5,3,8,1,6,2,7,4,5,2,7,3,8,4,5,1,6,4,7,2,5,1,6,3,8,4,6,3,5,2,8,1,7,3,7,4,8,2,5,1,6,1,5,2,7,4,8,3,6,4,6,2,7,3,5,1,8,3,5,4,8,1,7,2,6,3,5,2,8,1,7,4,6,4,6,1,8,3,5,2,7,1,5,4,7,2,8,3,6
4mI7Pc;2;3;-1,1,-1,1,-1,-1,-1,1,1,1,-1,1,1,-1,-1,1,-1,1,1,1,1,1,1,1,1,-1,-1,1,1,1,1,1,-1,1,1,1,1,1,1,1,1,-1,1,-1,-1,1,1,1,1,-1,1,1,-1,1,-1,-1,-1,-1,-1,-1,1,1,-1,1,-1,-1,1,-1,-1,1,-1,1,-1,-1,-1,-1,1,1,1,1,-1,1,1,1,-1,1,-1,-1,1,1,1,1,-1,-1,1,1;29,27,42,87,21,35,25,16,18,23,52,21,38,23,20,31,41,19,37,12,21,21,24,21,13,13,17,17,15,14,20,17,16,12,15,25,22,16,14,14,15,12,15,25,19,12,20,15,20,14,13,20,15,30,13,13,23,32,18,15,31,26,15,13,23,26,31,23,27,36,47,33,17,21,12,10,19,18,16,17,15,27,11,20,19,18,22,16,39,17,29,22,23,28,17,23;4,6,1,5,3,8,2,7,1,7,4,5,3,6,2,8,3,7,4,6,2,8,1,5,4,5,3,8,1,7,2,6,3,6,4,7,1,8,2,5,4,6,3,8,1,5,2,7,4,5,3,6,1,8,2,7,1,7,2,8,4,6,3,5,2,8,4,6,1,5,3,7,2,6,3,7,1,5,4,8,1,6,2,7,4,8,3,5,3,5,1,8,2,6,4,7
G196bV;2;3;-1,1,1,1,-1,1,-1,1,1,1,-1,1,-1,1,-1,1,-1,1,-1,1,1,1,-1,1,-1,1,-1,1,1,1,-1,1,-1,1,1,1,-1,1,-1,1,-1,-1,-1,1,1,1,1,1,-1,1,-1,1,-1,1,-1,1,1,1,-1,1,-1,1,-1,1,-1,1,-1,1,-1,1,-1,1,-1,1,1,1,-1,1,-1,-1,-1,1,-1,-1,1,-1,-1,1,-1,1,1,1,1,1,1,1;25,20,30,85,29,19,50,28,17,20,30,18,16,22,27,25,27,14,25,54,16,26,33,23,21,18,14,22,14,18,20,18,19,21,17,21,25,19,25,24,17,22,15,21,15,18,17,17,23,24,22,23,24,22,18,20,18,21,27,21,29,25,25,20,21,58,21,19,25,42,20,17,22,22,32,20,27,34,15,23,11,13,13,21,19,19,30,19,28,18,25,19,22,23,29,18;4,7,1,5,2,6,3,8,3,6,2,8,4,7,1,5,2,5,4,6,1,7,3,8,4,8,3,5,2,6,1,7,4,8,1,5,3,7,2,6,4,6,2,5,3,7,1,8,4,8,2,7,1,5,3,6,4,8,3,7,1,6,2,5,1,8,3,6,2,7,4,5,4,8,1,5,3,6,2,7,4,5,1,8,3,6,2,7,3,6,2,5,1,8,4,7
uWXj5P;2;3;-1,1,-1,1,-1,1,-1,-1,-1,1,-1,1,-1,1,-1,1,-1,1,-1,1,-1,1,1,1,-1,1,-1,1,-1,1,-1,1,1,1,-1,1,-1,1,-1,1,-1,1,-1,1,-1,1,-1,1,-1,1,-1,1,-1,1,1,1,-1,1,-1,1,-1,1,-1,1,-1,1,1,1,-1,1,1,1,-1,1,-1,1,-1,1,-1,1,-1,-1,-1,1,-1,1,1,1,-1,-1,-1,1,-1,1,-1,1;61,55,41,35,57,39,36,43,41,32,54,23,37,26,40,28,27,32,30,26,29,43,41,30,35,24,34,30,30,39,31,28,29,24,28,23,23,20,38,23,21,20,24,31,21,23,35,21,24,22,31,21,30,18,38,28,20,24,39,33,29,21,41,36,23,23,63,38,48,41,28,23,32,29,35,23,34,42,39,23,28,38,47,26,27,28,32,21,22,28,25,41,23,26,24,29;1,7,4,8,2,6,3,5,1,5,2,7,3,8,4,6,4,5,1,7,2,8,3,6,1,7,4,5,2,8,3,6,4,7,3,5,2,8,1,6,4,7,3,5,2,8,1,6,2,6,4,5,3,7,1,8,4,6,3,5,2,8,1,7,3,8,4,7,1,5,2,6,3,7,4,8,1,5,2,6,3,7,2,6,4,8,1,5,4,7,2,5,1,6,3,8
t6GgkC;2;3;1,-1,-1,-1,-1,-1,-1,1,-1,1,-1,1,-1,-1,-1,-1,-1,-1,-1,1,-1,1,-1,-1,-1,1,-1,-1,-1,-1,-1,1,-1,-1,1,1,1,1,-1,-1,-1,1,-1,1,-1,1,-1,1,1,-1,-1,1,-1,1,-1,1,-1,1,-1,1,-1,-1,-1,1,-1,1,-1,-1,1,1,1,1,-1,-1,-1,1,1,1,1,1,1,1,1,1,1,1,1,-1,1,1,1,1,-1,1,-1,1;16,19,19,19,18,19,18,17,14,17,13,19,13,12,15,19,14,11,19,17,17,18,15,13,15,16,17,16,20,14,16,20,20,19,19,16,22,19,17,19,19,14,15,12,18,15,12,13,12,17,16,12,13,13,13,16,14,14,11,14,13,13,12,12,11,11,12,14,13,13,12,13,13,16,18,12,12,12,13,15,19,15,15,14,13,11,14,17,13,17,16,15,17,14,16,16;4,8,1,7,3,6,2,5,2,6,4,7,1,8,3,5,2,8,1,6,3,7,4,5,3,6,4,5,2,7,1,8,3,8,2,5,1,7,4,6,1,5,3,8,2,7,4,6,2,7,1,8,3,6,4,5,4,5,3,8,1,6,2,7,3,6,2,8,1,5,4,7,2,7,3,8,4,6,1,5,4,6,3,5,2,7,1,8,3,8,4,7,2,5,1,6
LKZ8A1;2;4;-1,1,-1,1,-1,1,-1,1,-1,1,-1,1,-1,1,-1,1,-1,1,-1,1,-1,1,-1,1,-1,1,-1,-1,1,1,-1,1,-1,1,-1,1,-1,1,-1,1,-1,1,-1,1,-1,1,-1,1,-1,1,-1,1,-1,1,1,1,-1,1,-1,1,-1,1,-1,1,-1,1,-1,1,-1,1,-1,1,-1,-1,-1,1,-1,1,1,1,-1,1,-1,1,-1,1,-1,1,-1,-1,-1,1,-1,1,-1,1;39,35,28,28,27,25,31,30,30,26,31,36,23,24,30,23,35,19,36,20,35,21,34,20,31,22,26,31,17,26,40,21,26,20,23,19,25,21,24,22,36,20,22,20,30,16,34,21,31,25,22,23,22,20,19,22,27,31,18,27,19,22,23,24,28,21,28,19,20,21,30,22,26,22,24,19,17,16,18,17,19,27,27,18,20,23,19,40,19,26,23,26,36,23,21,40;2,8,4,7,1,5,3,6,3,7,4,8,2,6,1,5,3,8,2,6,4,7,1,5,1,8,2,6,4,5,3,7,1,7,4,5,3,6,2,8,1,5,3,8,4,6,2,7,4,6,3,7,1,5,2,8,1,8,2,5,3,6,4,7,2,8,4,6,3,5,1,7,4,7,1,6,3,5,2,8,3,7,4,5,2,6,1,8,2,6,3,8,4,7,1,5
Sk7mGC;1;3;1,-1,1,-1,-1,-1,1,-1,1,-1,1,-1,1,-1,1,-1,1,-1,1,-1,1,-1,1,-1,1,-1,1,-1,1,-1,1,-1,1,-1,1,-1,1,-1,1,-1,1,-1,-1,-1,1,-1,1,-1,1,-1,1,-1,-1,-1,1,-1,1,-1,1,-1,1,-1,-1,-1,1,-1,-1,-1,-1,-1,1,-1,-1,-1,-1,-1,1,-1,-1,-1,1,-1,1,-1,1,-1,1,1,1,-1,1,-1,1,-1,1,-1;30,34,72,35,43,37,42,42,31,47,30,41,124,33,33,74,110,33,44,52,50,58,71,35,36,33,35,30,51,28,40,34,49,32,40,73,49,36,57,35,51,31,32,23,40,34,40,50,18,25,25,25,31,22,25,25,32,25,25,45,45,27,26,24,25,21,22,25,29,23,31,25,25,21,29,27,25,19,28,23,26,34,39,41,50,69,41,66,54,36,66,28,36,29,26,27;3,5,1,6,2,8,4,7,4,7,1,6,3,5,2,8,1,5,4,6,2,8,3,7,1,6,2,5,4,8,3,7,4,5,1,6,2,8,3,7,4,5,3,8,1,6,2,7,1,7,3,8,2,6,4,5,4,6,2,5,1,7,3,8,2,8,3,6,1,5,4,7,2,8,3,5,1,6,4,7,1,7,3,8,2,6,4,5,2,6,3,7,4,5,1,8
Okmydc;1;3;1,0,1,1,-1,1,0,-1,-1,-1,-1,-1,1,-1,-1,1,1,1,1,1,-1,-1,-1,1,1,1,-1,1,-1,1,-1,-1,1,-1,1,1,-1,-1,-1,-1,-1,1,-1,-1,1,1,1,1,-1,1,-1,1,1,1,-1,-1,1,1,1,1,1,-1,-1,-1,1,1,-1,1,1,1,-1,1,-1,1,-1,1,1,-1,-1,1,1,-1,-1,-1,-1,-1,-1,-1,-1,-1,-1,-1,-1,-1,-1,1;73,0,25,32,20,25,0,28,12,3,27,8,9,17,19,24,1,7,19,14,14,7,8,9,19,17,23,21,13,2,19,18,18,15,7,15,4,8,10,15,21,19,22,13,20,21,23,21,17,20,24,23,21,14,21,17,19,18,20,10,15,13,15,17,2,20,13,15,9,18,22,21,16,13,21,23,20,15,16,15,18,14,17,13,15,17,15,17,17,10,24,20,14,18,16,16;2,7,1,5,4,8,3,6,3,6,2,5,4,8,1,7,3,5,4,7,2,6,1,8,3,6,2,5,4,7,1,8,2,8,4,7,3,5,1,6,1,7,2,6,3,5,4,8,3,6,1,7,2,5,4,8,2,5,3,7,1,6,4,8,3,6,4,5,1,8,2,7,4,6,2,8,1,7,3,5,4,8,1,7,3,5,2,6,1,5,4,6,3,8,2,7
nS0nK3;1;2;-1,1,-1,1,-1,1,-1,1,-1,1,1,1,-1,1,-1,1,-1,1,1,1,-1,1,-1,-1,1,1,1,1,1,1,-1,-1,-1,1,-1,1,-1,1,-1,-1,-1,1,-1,1,-1,-1,-1,1,-1,1,-1,1,-1,1,-1,-1,1,-1,1,1,-1,1,-1,1,-1,1,1,-1,1,1,-1,-1,1,1,1,1,1,1,-1,1,1,1,1,1,-1,1,-1,1,-1,1,-1,-1,1,1,-1,-1;28,22,49,17,17,18,17,26,19,17,21,15,21,21,16,24,27,18,22,16,17,19,16,13,27,16,25,20,21,16,17,40,22,20,35,23,14,23,17,19,16,22,24,17,23,18,22,19,24,14,17,15,16,14,20,19,17,17,14,19,14,21,11,18,5,15,13,9,13,3,25,13,15,13,16,14,15,21,15,15,11,14,15,19,13,22,13,18,14,16,23,8,14,14,19,15;3,6,1,8,2,5,4,7,4,7,2,5,1,8,3,6,2,7,1,5,3,6,4,8,3,5,2,6,4,7,1,8,3,6,4,8,2,5,1,7,1,8,3,5,2,7,4,6,1,5,2,8,3,7,4,6,1,8,2,7,3,5,4,6,2,7,3,5,1,6,4,8,3,5,4,8,1,6,2,7,1,8,4,5,2,7,3,6,1,8,2,5,4,6,3,7
0nEOjH;1;3;1,1,1,1,1,1,-1,1,-1,-1,1,1,1,1,-1,1,-1,1,-1,1,-1,1,1,1,-1,1,-1,1,-1,1,1,1,1,1,1,1,-1,1,-1,1,-1,1,-1,1,1,1,-1,1,-1,1,-1,1,-1,1,-1,1,-1,1,1,1,-1,1,-1,1,1,1,-1,1,1,1,-1,1,-1,1,-1,1,-1,1,-1,1,-1,1,-1,1,-1,-1,-1,1,-1,1,-1,1,-1,1,-1,1;20,22,28,24,25,20,17,23,19,24,30,22,24,23,25,24,29,19,28,20,25,22,18,20,29,22,22,24,22,17,31,24,21,24,23,27,35,24,25,24,27,20,25,22,19,20,18,30,19,19,21,21,19,18,17,18,18,18,19,23,31,22,17,20,29,22,16,26,33,23,22,21,29,24,19,25,33,21,19,20,21,22,24,19,29,26,18,18,33,17,24,17,26,21,18,24;4,7,2,8,1,5,3,6,3,7,2,5,1,8,4,6,1,6,2,8,4,7,3,5,2,8,4,6,3,7,1,5,1,5,4,7,2,6,3,8,4,6,2,5,3,7,1,8,4,5,2,6,3,7,1,8,2,8,3,6,4,5,1,7,2,8,1,7,3,6,4,5,2,8,4,7,1,5,3,6,3,5,2,7,1,8,4,6,1,5,3,7,4,6,2,8
dJJaFr;2;5;-1,1,-1,1,-1,1,-1,1,-1,1,-1,1,-1,1,-1,1,-1,1,-1,1,-1,1,-1,1,-1,1,-1,1,-1,1,-1,1,-1,1,-1,1,-1,1,-1,1,-1,1,-1,1,-1,1,-1,-1,-1,1,-1,1,-1,1,-1,1,-1,-1,-1,1,-1,1,-1,1,-1,1,-1,1,-1,1,-1,1,-1,-1,-1,1,-1,1,-1,1,-1,1,-1,1,-1,1,-1,1,-1,1,-1,1,-1,1,-1,1;19,22,22,27,17,16,16,25,23,15,18,15,23,15,14,16,18,16,21,16,15,15,14,18,22,15,19,15,17,13,13,15,18,17,20,15,17,14,25,15,17,16,21,23,18,22,19,24,18,14,15,18,18,15,14,17,15,15,16,13,17,16,14,14,19,15,17,18,17,17,14,17,18,28,18,21,16,17,24,16,17,15,17,15,21,15,19,17,16,13,15,15,15,14,15,16;4,8,1,7,2,5,3,6,3,7,2,6,1,5,4,8,1,7,4,5,3,6,2,8,3,8,2,7,4,6,1,5,4,8,3,5,1,6,2,7,1,7,3,8,4,6,2,5,1,8,4,7,2,5,3,6,3,7,4,8,1,6,2,5,3,8,4,7,2,6,1,5,4,8,1,7,3,5,2,6,1,8,2,5,3,7,4,6,3,8,4,5,2,7,1,6
6MiIEg;1;4;-1,1,-1,1,-1,1,-1,1,-1,1,-1,1,-1,1,-1,1,-1,1,-1,1,-1,1,-1,1,-1,1,-1,1,-1,1,-1,1,-1,1,-1,1,-1,1,-1,1,1,1,-1,1,-1,1,-1,1,-1,1,-1,1,-1,1,-1,1,-1,1,-1,1,-1,1,-1,1,-1,1,-1,1,-1,1,-1,1,-1,1,-1,1,-1,1,-1,1,-1,1,-1,1,-1,1,-1,1,-1,1,-1,1,-1,1,-1,1;61,41,55,39,26,64,29,40,29,34,28,29,28,47,29,35,24,35,42,23,32,36,53,34,26,42,68,34,56,55,31,32,42,38,32,30,58,32,35,60,67,27,33,44,46,41,35,30,30,25,69,21,25,59,21,24,39,32,39,72,38,78,63,44,32,33,30,21,46,39,35,24,33,51,21,19,35,50,15,32,45,40,23,39,73,23,27,52,84,20,27,18,61,88,33,45;3,6,1,8,2,7,4,5,2,6,3,8,4,5,1,7,2,8,4,6,3,5,1,7,4,8,1,7,3,6,2,5,1,5,4,7,3,8,2,6,3,6,2,5,4,7,1,8,1,7,2,5,3,6,4,8,4,6,1,8,3,5,2,7,2,7,1,8,4,5,3,6,1,7,4,8,2,6,3,5,4,7,1,8,2,5,3,6,3,6,4,5,2,8,1,7
767CL4;2;5;-1,1,-1,-1,-1,1,-1,1,-1,1,-1,1,-1,-1,-1,-1,-1,1,-1,1,-1,1,-1,1,-1,1,-1,1,-1,1,-1,1,-1,1,-1,1,-1,-1,1,1,-1,1,-1,1,-1,1,1,-1,-1,1,-1,1,-1,1,-1,1,-1,1,1,1,1,1,1,1,-1,1,-1,1,-1,1,1,1,-1,1,1,-1,1,1,1,1,-1,-1,-1,1,-1,1,1,1,-1,-1,-1,1,1,1,-1,1;82,27,17,18,47,15,18,22,28,21,24,18,23,20,21,26,26,32,34,17,21,35,12,22,19,16,17,18,16,18,16,23,21,18,25,20,32,25,24,21,22,20,25,24,29,19,31,26,22,19,19,26,17,20,26,22,21,17,20,22,18,18,22,22,25,20,22,17,26,18,23,20,15,22,19,21,19,17,25,16,25,22,17,18,20,22,23,29,23,23,30,23,29,20,22,16;1,5,2,8,4,6,3,7,4,6,3,5,2,7,1,8,1,6,3,8,2,5,4,7,3,5,1,7,2,8,4,6,1,6,2,7,4,5,3,8,3,7,4,5,1,6,2,8,3,5,1,7,2,8,4,6,1,6,4,8,3,7,2,5,1,5,4,8,2,7,3,6,3,8,1,6,2,7,4,5,3,5,4,7,2,6,1,8,2,8,1,5,3,6,4,7
5qFD3R;1;3;-1,1,-1,1,-1,1,1,1,1,1,1,1,-1,1,1,-1,-1,1,-1,1,1,1,-1,1,1,1,1,1,1,1,1,1,-1,1,-1,1,1,1,-1,1,1,1,1,1,-1,1,-1,1,-1,1,1,1,-1,1,1,1,-1,1,-1,1,-1,1,1,1,-1,1,-1,-1,1,1,1,1,-1,1,-1,1,1,1,-1,-1,-1,1,-1,1,1,1,1,-1,-1,1,1,1,1,1,-1,1;22,25,28,22,52,17,24,23,19,23,14,16,16,15,24,17,19,19,25,18,19,13,18,15,16,15,15,17,19,17,18,15,15,13,20,16,16,16,19,24,16,18,14,14,15,16,17,18,14,13,16,14,16,13,13,14,14,13,15,15,14,12,13,12,12,13,16,12,13,13,13,20,11,13,21,12,12,12,14,13,16,14,15,13,12,13,12,16,19,16,15,20,12,19,16,14;2,5,3,8,1,7,4,6,3,5,1,8,2,7,4,6,3,7,4,6,2,5,1,8,2,8,3,5,1,7,4,6,1,7,3,6,2,8,4,5,3,5,4,7,2,6,1,8,3,6,2,7,1,8,4,5,4,5,2,8,3,6,1,7,2,7,1,5,4,8,3,6,3,5,1,7,2,8,4,6,1,5,3,7,2,6,4,8,3,5,1,7,2,8,4,6
aa88rh;2;2;1,1,1,1,-1,1,-1,1,-1,1,1,1,1,1,-1,1,1,1,-1,1,-1,1,1,1,-1,1,1,1,-1,1,1,-1,-1,1,-1,1,1,-1,-1,1,1,1,1,1,1,1,-1,1,-1,1,1,1,1,1,-1,1,1,1,1,-1,1,1,-1,1,1,-1,1,-1,-1,1,-1,1,1,1,1,1,-1,1,1,1,1,1,-1,1,-1,-1,-1,1,-1,1,-1,-1,-1,1,-1,-1;22,31,25,20,15,19,32,17,21,14,18,17,14,17,18,20,19,16,18,13,24,17,15,13,20,12,19,15,18,12,16,15,18,21,19,22,16,18,21,18,12,12,12,13,12,18,19,13,19,15,13,18,21,11,17,13,12,12,17,12,20,13,18,11,13,16,12,13,18,15,19,11,17,16,15,17,15,19,19,11,12,11,25,13,16,13,22,18,20,18,15,13,14,15,13,13;2,7,4,6,3,8,1,5,1,8,3,5,2,6,4,7,2,7,4,6,1,5,3,8,4,8,2,7,1,6,3,5,1,6,3,5,4,8,2,7,1,6,2,5,3,8,4,7,4,8,2,6,1,7,3,5,2,6,1,8,3,7,4,5,3,5,2,7,4,6,1,8,4,7,3,6,2,5,1,8,2,5,4,7,3,6,1,8,3,5,2,6,4,7,1,8
OBL7PQ;1;3;-1,1,-1,1,-1,1,1,1,-1,1,-1,1,-1,1,-1,1,1,1,1,1,-1,1,-1,1,1,1,-1,1,-1,1,-1,1,-1,1,-1,1,-1,1,1,1,-1,1,-1,-1,-1,1,-1,1,1,1,1,1,-1,-1,1,1,-1,-1,1,1,-1,-1,1,-1,-1,1,-1,1,-1,1,-1,1,-1,1,-1,1,-1,1,1,1,-1,-1,-1,1,-1,-1,-1,1,-1,-1,-1,1,-1,1,-1,-1;24,25,26,23,18,21,33,27,27,17,34,17,25,16,24,25,18,15,18,15,24,15,25,19,16,22,18,25,14,17,17,15,24,23,22,15,21,16,16,20,22,14,17,15,20,17,23,18,22,15,15,17,15,15,15,20,16,18,18,22,18,18,17,20,23,17,22,23,17,21,19,22,16,31,15,14,16,17,16,19,21,17,20,17,17,17,16,22,22,26,18,18,15,25,22,19;3,7,2,8,4,6,1,5,3,7,1,8,2,5,4,6,3,6,2,5,4,8,1,7,4,7,2,6,3,5,1,8,3,7,1,8,4,6,2,5,1,7,2,8,3,6,4,5,1,6,4,5,3,7,2,8,2,8,3,7,4,5,1,6,2,7,1,6,3,8,4,5,2,7,3,5,4,8,1,6,3,5,1,6,4,7,2,8,2,8,1,7,3,6,4,5
7e2kw5;2;3;-1,1,-1,1,-1,1,-1,1,-1,1,-1,1,-1,1,-1,1,-1,-1,-1,1,-1,1,-1,1,1,1,1,-1,-1,1,-1,1,-1,1,-1,1,-1,1,-1,1,1,1,-1,-1,-1,1,-1,1,-1,1,-1,-1,-1,1,-1,1,-1,1,-1,1,-1,-1,-1,1,-1,1,-1,1,-1,1,-1,1,1,1,-1,1,-1,-1,1,1,-1,1,1,1,1,1,-1,1,-1,1,-1,-1,-1,-1,-1,1;27,25,33,48,21,27,25,40,32,35,26,21,24,23,25,20,15,23,27,24,20,18,21,19,18,18,22,15,15,15,14,16,16,24,19,20,24,19,20,27,22,23,31,30,30,21,30,24,25,15,31,25,29,18,21,28,18,17,20,18,17,33,20,25,16,34,22,21,19,17,20,18,31,18,20,36,24,17,20,27,22,25,29,22,18,17,19,38,23,18,32,26,17,25,19,23;4,8,1,5,3,6,2,7,2,6,1,5,4,7,3,8,1,6,3,5,2,8,4,7,2,8,1,7,4,6,3,5,1,6,2,5,4,8,3,7,4,5,2,6,1,8,3,7,4,8,3,5,1,6,2,7,1,6,4,7,3,8,2,5,3,7,4,6,1,5,2,8,4,6,2,7,1,8,3,5,1,7,2,6,4,8,3,5,2,5,3,6,1,8,4,7
Frh65q;1;5;-1,1,-1,1,-1,1,-1,1,-1,1,-1,1,-1,1,-1,1,-1,1,-1,1,-1,1,-1,1,-1,1,-1,1,-1,1,-1,1,-1,1,1,1,-1,1,-1,1,-1,1,-1,1,-1,1,1,1,-1,1,-1,1,-1,1,-1,1,-1,1,-1,1,-1,1,-1,1,-1,1,-1,1,-1,1,-1,1,-1,1,-1,1,-1,1,-1,1,-1,1,-1,1,-1,1,-1,1,-1,1,-1,1,-1,1,-1,1;35,17,32,18,19,15,58,28,37,25,28,17,28,34,43,36,29,27,48,21,26,23,37,34,27,20,36,18,23,23,33,20,37,21,26,26,34,25,23,29,28,32,42,34,38,33,28,29,43,26,31,26,52,28,31,21,31,31,43,26,43,41,23,38,39,26,21,22,26,34,24,54,26,27,24,26,24,28,39,33,31,23,40,38,34,24,30,24,29,25,24,17,24,33,36,24;1,6,2,5,4,8,3,7,1,5,4,6,2,8,3,7,2,7,3,5,4,8,1,6,4,7,1,6,2,8,3,5,2,7,1,6,4,5,3,8,4,8,1,7,2,5,3,6,3,8,4,6,1,5,2,7,2,8,4,5,3,6,1,7,2,6,3,5,1,7,4,8,3,7,4,8,1,5,2,6,4,6,3,7,2,5,1,8,2,8,3,7,4,6,1,5
aHLTgg;1;3;-1,1,-1,1,-1,1,-1,1,-1,1,-1,1,-1,1,-1,1,-1,1,-1,1,-1,1,-1,1,-1,1,-1,-1,-1,1,1,-1,1,1,-1,1,1,1,-1,1,-1,1,1,1,1,1,-1,1,-1,1,-1,1,-1,1,-1,1,-1,1,-1,1,-1,1,-1,1,1,1,1,1,-1,1,-1,1,-1,1,-1,1,-1,1,-1,1,-1,1,-1,1,-1,1,-1,1,-1,1,-1,1,-1,1,-1,1;28,39,36,19,41,24,21,23,19,23,39,38,28,54,29,20,43,19,34,24,35,22,29,24,28,40,47,121,47,27,42,102,77,22,34,30,26,24,31,32,32,24,28,25,25,29,34,22,28,22,38,40,23,24,31,20,77,23,42,58,35,69,34,22,40,56,24,23,32,27,61,21,66,33,26,40,70,24,27,27,44,25,68,36,42,20,29,42,87,20,28,25,23,21,25,20;2,5,3,8,4,6,1,7,1,8,4,5,2,6,3,7,1,7,2,8,4,6,3,5,1,6,2,8,3,7,4,5,1,7,4,6,2,5,3,8,2,5,3,8,1,6,4,7,2,6,3,5,4,7,1,8,2,5,3,7,4,8,1,6,3,5,1,8,4,6,2,7,1,8,2,7,3,6,4,5,2,6,1,8,4,7,3,5,4,6,3,5,1,7,2,8
